USE [BaseDeDonnees_TP2]
GO
SET IDENTITY_INSERT [Factions].[Faction] ON 

INSERT [Factions].[Faction] ([FactionID], [Nom]) VALUES (1, N'Space Marines')
INSERT [Factions].[Faction] ([FactionID], [Nom]) VALUES (2, N'Chaos Space Marines')
INSERT [Factions].[Faction] ([FactionID], [Nom]) VALUES (3, N'Astra Militarum')
INSERT [Factions].[Faction] ([FactionID], [Nom]) VALUES (4, N'Adeptus Mechanicus')
INSERT [Factions].[Faction] ([FactionID], [Nom]) VALUES (5, N'Adepta Sororitas')
INSERT [Factions].[Faction] ([FactionID], [Nom]) VALUES (6, N'Aeldari')
INSERT [Factions].[Faction] ([FactionID], [Nom]) VALUES (7, N'Drukhari')
INSERT [Factions].[Faction] ([FactionID], [Nom]) VALUES (8, N'Orks')
INSERT [Factions].[Faction] ([FactionID], [Nom]) VALUES (9, N'Tyranids')
INSERT [Factions].[Faction] ([FactionID], [Nom]) VALUES (10, N'Necrons')
INSERT [Factions].[Faction] ([FactionID], [Nom]) VALUES (11, N'Tau Empire')
INSERT [Factions].[Faction] ([FactionID], [Nom]) VALUES (12, N'Genestealer Cults')
INSERT [Factions].[Faction] ([FactionID], [Nom]) VALUES (13, N'Imperial Knights')
INSERT [Factions].[Faction] ([FactionID], [Nom]) VALUES (14, N'Chaos Daemons')
INSERT [Factions].[Faction] ([FactionID], [Nom]) VALUES (15, N'Death Guard')
INSERT [Factions].[Faction] ([FactionID], [Nom]) VALUES (16, N'Thousand Sons')
INSERT [Factions].[Faction] ([FactionID], [Nom]) VALUES (17, N'Grey Knights')
INSERT [Factions].[Faction] ([FactionID], [Nom]) VALUES (18, N'Adeptus Custodes')
SET IDENTITY_INSERT [Factions].[Faction] OFF
GO
SET IDENTITY_INSERT [Unites].[Unite] ON 

INSERT [Unites].[Unite] ([UniteID], [FactionID], [Nom], [CoutEnPoint]) VALUES (1, 6, N'Tactical Squad', 265)
INSERT [Unites].[Unite] ([UniteID], [FactionID], [Nom], [CoutEnPoint]) VALUES (2, 5, N'Infantry Squad', 145)
INSERT [Unites].[Unite] ([UniteID], [FactionID], [Nom], [CoutEnPoint]) VALUES (3, 4, N'Boyz', 190)
INSERT [Unites].[Unite] ([UniteID], [FactionID], [Nom], [CoutEnPoint]) VALUES (4, 17, N'Guardians', 190)
INSERT [Unites].[Unite] ([UniteID], [FactionID], [Nom], [CoutEnPoint]) VALUES (5, 3, N'Space Marines', 265)
INSERT [Unites].[Unite] ([UniteID], [FactionID], [Nom], [CoutEnPoint]) VALUES (6, 13, N'Warriors', 225)
INSERT [Unites].[Unite] ([UniteID], [FactionID], [Nom], [CoutEnPoint]) VALUES (7, 14, N'Hormagaunts', 190)
INSERT [Unites].[Unite] ([UniteID], [FactionID], [Nom], [CoutEnPoint]) VALUES (8, 13, N'Fire Warriors', 160)
INSERT [Unites].[Unite] ([UniteID], [FactionID], [Nom], [CoutEnPoint]) VALUES (9, 16, N'Custodian Guard', 265)
INSERT [Unites].[Unite] ([UniteID], [FactionID], [Nom], [CoutEnPoint]) VALUES (10, 7, N'Neophyte Hybrids', 225)
INSERT [Unites].[Unite] ([UniteID], [FactionID], [Nom], [CoutEnPoint]) VALUES (11, 17, N'Battle Sisters', 270)
INSERT [Unites].[Unite] ([UniteID], [FactionID], [Nom], [CoutEnPoint]) VALUES (12, 6, N'Crisis Battlesuits', 130)
INSERT [Unites].[Unite] ([UniteID], [FactionID], [Nom], [CoutEnPoint]) VALUES (13, 18, N'Plague Marines', 285)
INSERT [Unites].[Unite] ([UniteID], [FactionID], [Nom], [CoutEnPoint]) VALUES (14, 11, N'Strike Squad', 275)
INSERT [Unites].[Unite] ([UniteID], [FactionID], [Nom], [CoutEnPoint]) VALUES (15, 8, N'Leman Russ Battle Tank', 125)
INSERT [Unites].[Unite] ([UniteID], [FactionID], [Nom], [CoutEnPoint]) VALUES (16, 11, N'Wraithguard', 160)
INSERT [Unites].[Unite] ([UniteID], [FactionID], [Nom], [CoutEnPoint]) VALUES (17, 12, N'Deathwing Terminators', 165)
INSERT [Unites].[Unite] ([UniteID], [FactionID], [Nom], [CoutEnPoint]) VALUES (18, 2, N'Sanguinary Guard', 280)
INSERT [Unites].[Unite] ([UniteID], [FactionID], [Nom], [CoutEnPoint]) VALUES (19, 6, N'Skitarii Rangers', 295)
INSERT [Unites].[Unite] ([UniteID], [FactionID], [Nom], [CoutEnPoint]) VALUES (20, 7, N'Bloodletters', 200)
INSERT [Unites].[Unite] ([UniteID], [FactionID], [Nom], [CoutEnPoint]) VALUES (21, 10, N'Prosecutor Cadre', 100)
INSERT [Unites].[Unite] ([UniteID], [FactionID], [Nom], [CoutEnPoint]) VALUES (22, 5, N'Kill Team', 145)
INSERT [Unites].[Unite] ([UniteID], [FactionID], [Nom], [CoutEnPoint]) VALUES (23, 18, N'Rubric Marines', 70)
INSERT [Unites].[Unite] ([UniteID], [FactionID], [Nom], [CoutEnPoint]) VALUES (24, 5, N'Wolf Guard', 80)
INSERT [Unites].[Unite] ([UniteID], [FactionID], [Nom], [CoutEnPoint]) VALUES (25, 17, N'Commander', 75)
INSERT [Unites].[Unite] ([UniteID], [FactionID], [Nom], [CoutEnPoint]) VALUES (26, 7, N'Immortals', 80)
INSERT [Unites].[Unite] ([UniteID], [FactionID], [Nom], [CoutEnPoint]) VALUES (27, 5, N'Guard', 170)
INSERT [Unites].[Unite] ([UniteID], [FactionID], [Nom], [CoutEnPoint]) VALUES (28, 12, N'Nobz', 225)
INSERT [Unites].[Unite] ([UniteID], [FactionID], [Nom], [CoutEnPoint]) VALUES (29, 3, N'Wraithlord', 115)
INSERT [Unites].[Unite] ([UniteID], [FactionID], [Nom], [CoutEnPoint]) VALUES (30, 7, N'Terminator Squad', 65)
INSERT [Unites].[Unite] ([UniteID], [FactionID], [Nom], [CoutEnPoint]) VALUES (31, 8, N'Vertus Praetors', 65)
INSERT [Unites].[Unite] ([UniteID], [FactionID], [Nom], [CoutEnPoint]) VALUES (32, 8, N'Tomb Blades', 250)
INSERT [Unites].[Unite] ([UniteID], [FactionID], [Nom], [CoutEnPoint]) VALUES (33, 5, N'Termagants', 230)
INSERT [Unites].[Unite] ([UniteID], [FactionID], [Nom], [CoutEnPoint]) VALUES (34, 16, N'Knight', 245)
INSERT [Unites].[Unite] ([UniteID], [FactionID], [Nom], [CoutEnPoint]) VALUES (35, 4, N'Aberrants', 170)
INSERT [Unites].[Unite] ([UniteID], [FactionID], [Nom], [CoutEnPoint]) VALUES (36, 3, N'Catachan Jungle Fighters', 215)
INSERT [Unites].[Unite] ([UniteID], [FactionID], [Nom], [CoutEnPoint]) VALUES (37, 9, N'Dark Reapers', 65)
INSERT [Unites].[Unite] ([UniteID], [FactionID], [Nom], [CoutEnPoint]) VALUES (38, 10, N'Ravenwing Bike Squad', 45)
INSERT [Unites].[Unite] ([UniteID], [FactionID], [Nom], [CoutEnPoint]) VALUES (39, 3, N'Kastelan Robots', 215)
INSERT [Unites].[Unite] ([UniteID], [FactionID], [Nom], [CoutEnPoint]) VALUES (40, 16, N'Primaris Intercessors', 95)
INSERT [Unites].[Unite] ([UniteID], [FactionID], [Nom], [CoutEnPoint]) VALUES (41, 10, N'Death Company', 145)
INSERT [Unites].[Unite] ([UniteID], [FactionID], [Nom], [CoutEnPoint]) VALUES (42, 3, N'Scarab Occult Terminators', 170)
INSERT [Unites].[Unite] ([UniteID], [FactionID], [Nom], [CoutEnPoint]) VALUES (43, 11, N'Thunderwolf Cavalry', 280)
INSERT [Unites].[Unite] ([UniteID], [FactionID], [Nom], [CoutEnPoint]) VALUES (44, 4, N'Possessed', 155)
INSERT [Unites].[Unite] ([UniteID], [FactionID], [Nom], [CoutEnPoint]) VALUES (45, 12, N'Aquilon Terminator Squad', 300)
INSERT [Unites].[Unite] ([UniteID], [FactionID], [Nom], [CoutEnPoint]) VALUES (46, 16, N'Destroyers', 200)
INSERT [Unites].[Unite] ([UniteID], [FactionID], [Nom], [CoutEnPoint]) VALUES (47, 17, N'Broadside Battlesuits', 260)
INSERT [Unites].[Unite] ([UniteID], [FactionID], [Nom], [CoutEnPoint]) VALUES (48, 2, N'Warboss', 135)
INSERT [Unites].[Unite] ([UniteID], [FactionID], [Nom], [CoutEnPoint]) VALUES (49, 10, N'Dark Reapers', 85)
INSERT [Unites].[Unite] ([UniteID], [FactionID], [Nom], [CoutEnPoint]) VALUES (50, 16, N'Knight Paladin', 230)
INSERT [Unites].[Unite] ([UniteID], [FactionID], [Nom], [CoutEnPoint]) VALUES (51, 2, N'Onager Dunecrawler', 140)
INSERT [Unites].[Unite] ([UniteID], [FactionID], [Nom], [CoutEnPoint]) VALUES (52, 5, N'Deathshroud Terminators', 95)
INSERT [Unites].[Unite] ([UniteID], [FactionID], [Nom], [CoutEnPoint]) VALUES (53, 12, N'Paladins', 135)
INSERT [Unites].[Unite] ([UniteID], [FactionID], [Nom], [CoutEnPoint]) VALUES (54, 9, N'Baal Predator', 150)
INSERT [Unites].[Unite] ([UniteID], [FactionID], [Nom], [CoutEnPoint]) VALUES (55, 14, N'Venerable Dreadnought', 290)
INSERT [Unites].[Unite] ([UniteID], [FactionID], [Nom], [CoutEnPoint]) VALUES (56, 9, N'Raptors', 140)
INSERT [Unites].[Unite] ([UniteID], [FactionID], [Nom], [CoutEnPoint]) VALUES (57, 6, N'Lychguard', 290)
INSERT [Unites].[Unite] ([UniteID], [FactionID], [Nom], [CoutEnPoint]) VALUES (58, 1, N'XV88 Broadside Battlesuits', 250)
INSERT [Unites].[Unite] ([UniteID], [FactionID], [Nom], [CoutEnPoint]) VALUES (59, 3, N'Deff Dread', 120)
INSERT [Unites].[Unite] ([UniteID], [FactionID], [Nom], [CoutEnPoint]) VALUES (60, 12, N'Wraithknight', 65)
INSERT [Unites].[Unite] ([UniteID], [FactionID], [Nom], [CoutEnPoint]) VALUES (61, 3, N'Knight Crusader', 215)
INSERT [Unites].[Unite] ([UniteID], [FactionID], [Nom], [CoutEnPoint]) VALUES (62, 6, N'Imagifier', 165)
INSERT [Unites].[Unite] ([UniteID], [FactionID], [Nom], [CoutEnPoint]) VALUES (63, 15, N'Electro-Priest', 200)
INSERT [Unites].[Unite] ([UniteID], [FactionID], [Nom], [CoutEnPoint]) VALUES (64, 11, N'Malignant Plaguecaster', 200)
INSERT [Unites].[Unite] ([UniteID], [FactionID], [Nom], [CoutEnPoint]) VALUES (65, 14, N'Nemesis Dreadknight', 120)
INSERT [Unites].[Unite] ([UniteID], [FactionID], [Nom], [CoutEnPoint]) VALUES (66, 13, N'Stormraven Gunship', 100)
INSERT [Unites].[Unite] ([UniteID], [FactionID], [Nom], [CoutEnPoint]) VALUES (67, 11, N'Retributor Squad', 65)
INSERT [Unites].[Unite] ([UniteID], [FactionID], [Nom], [CoutEnPoint]) VALUES (68, 12, N'Ironstrider Ballistarius', 130)
INSERT [Unites].[Unite] ([UniteID], [FactionID], [Nom], [CoutEnPoint]) VALUES (69, 4, N'Flayed Ones', 200)
INSERT [Unites].[Unite] ([UniteID], [FactionID], [Nom], [CoutEnPoint]) VALUES (70, 15, N'Wulfen', 70)
INSERT [Unites].[Unite] ([UniteID], [FactionID], [Nom], [CoutEnPoint]) VALUES (71, 17, N'Chaos Lord', 225)
INSERT [Unites].[Unite] ([UniteID], [FactionID], [Nom], [CoutEnPoint]) VALUES (72, 5, N'XV86 Coldstar Battlesuit', 80)
INSERT [Unites].[Unite] ([UniteID], [FactionID], [Nom], [CoutEnPoint]) VALUES (73, 11, N'Sun Shark Bomber', 100)
INSERT [Unites].[Unite] ([UniteID], [FactionID], [Nom], [CoutEnPoint]) VALUES (74, 5, N'Mek Gunz', 280)
INSERT [Unites].[Unite] ([UniteID], [FactionID], [Nom], [CoutEnPoint]) VALUES (75, 17, N'Autarch', 285)
INSERT [Unites].[Unite] ([UniteID], [FactionID], [Nom], [CoutEnPoint]) VALUES (76, 11, N'Archaeopter Fusilave', 230)
INSERT [Unites].[Unite] ([UniteID], [FactionID], [Nom], [CoutEnPoint]) VALUES (77, 2, N'Plagueburst Crawler', 125)
INSERT [Unites].[Unite] ([UniteID], [FactionID], [Nom], [CoutEnPoint]) VALUES (78, 2, N'Apothecary', 265)
INSERT [Unites].[Unite] ([UniteID], [FactionID], [Nom], [CoutEnPoint]) VALUES (79, 13, N'Sanguinary Novitiate', 55)
INSERT [Unites].[Unite] ([UniteID], [FactionID], [Nom], [CoutEnPoint]) VALUES (80, 2, N'Seraphim Squad', 85)
INSERT [Unites].[Unite] ([UniteID], [FactionID], [Nom], [CoutEnPoint]) VALUES (81, 7, N'Archaeopter Transvector', 100)
INSERT [Unites].[Unite] ([UniteID], [FactionID], [Nom], [CoutEnPoint]) VALUES (82, 13, N'Triarch Praetorians', 85)
INSERT [Unites].[Unite] ([UniteID], [FactionID], [Nom], [CoutEnPoint]) VALUES (83, 13, N'Wolf Lord', 150)
INSERT [Unites].[Unite] ([UniteID], [FactionID], [Nom], [CoutEnPoint]) VALUES (84, 11, N'Chaos Rhino', 40)
INSERT [Unites].[Unite] ([UniteID], [FactionID], [Nom], [CoutEnPoint]) VALUES (85, 11, N'Hammerhead Gunship', 65)
INSERT [Unites].[Unite] ([UniteID], [FactionID], [Nom], [CoutEnPoint]) VALUES (86, 15, N'Killa Kans', 250)
INSERT [Unites].[Unite] ([UniteID], [FactionID], [Nom], [CoutEnPoint]) VALUES (87, 10, N'Spiritseer', 125)
INSERT [Unites].[Unite] ([UniteID], [FactionID], [Nom], [CoutEnPoint]) VALUES (88, 10, N'Canoness', 285)
INSERT [Unites].[Unite] ([UniteID], [FactionID], [Nom], [CoutEnPoint]) VALUES (89, 8, N'Sicarian Infiltrators', 285)
INSERT [Unites].[Unite] ([UniteID], [FactionID], [Nom], [CoutEnPoint]) VALUES (90, 5, N'Foetid Bloat-drone', 40)
INSERT [Unites].[Unite] ([UniteID], [FactionID], [Nom], [CoutEnPoint]) VALUES (91, 3, N'Interrogator-Chaplain', 170)
INSERT [Unites].[Unite] ([UniteID], [FactionID], [Nom], [CoutEnPoint]) VALUES (92, 9, N'Exalted Sorcerers', 190)
INSERT [Unites].[Unite] ([UniteID], [FactionID], [Nom], [CoutEnPoint]) VALUES (93, 9, N'Furioso Dreadnought', 175)
INSERT [Unites].[Unite] ([UniteID], [FactionID], [Nom], [CoutEnPoint]) VALUES (94, 18, N'Rune Priest', 185)
INSERT [Unites].[Unite] ([UniteID], [FactionID], [Nom], [CoutEnPoint]) VALUES (95, 12, N'Chaos Cultists', 205)
INSERT [Unites].[Unite] ([UniteID], [FactionID], [Nom], [CoutEnPoint]) VALUES (96, 3, N'Cryptek', 245)
INSERT [Unites].[Unite] ([UniteID], [FactionID], [Nom], [CoutEnPoint]) VALUES (97, 9, N'TX4 Piranha', 165)
INSERT [Unites].[Unite] ([UniteID], [FactionID], [Nom], [CoutEnPoint]) VALUES (98, 11, N'Burna Boyz', 235)
INSERT [Unites].[Unite] ([UniteID], [FactionID], [Nom], [CoutEnPoint]) VALUES (99, 6, N'Farseer', 120)
GO
INSERT [Unites].[Unite] ([UniteID], [FactionID], [Nom], [CoutEnPoint]) VALUES (100, 14, N'Tech-Priest Dominus', 270)
INSERT [Unites].[Unite] ([UniteID], [FactionID], [Nom], [CoutEnPoint]) VALUES (101, 13, N'Archeopter Stratoraptor', 205)
INSERT [Unites].[Unite] ([UniteID], [FactionID], [Nom], [CoutEnPoint]) VALUES (102, 9, N'Scarabs', 175)
INSERT [Unites].[Unite] ([UniteID], [FactionID], [Nom], [CoutEnPoint]) VALUES (103, 16, N'KV128 Stormsurge', 135)
INSERT [Unites].[Unite] ([UniteID], [FactionID], [Nom], [CoutEnPoint]) VALUES (104, 1, N'Atalan Jackals', 265)
INSERT [Unites].[Unite] ([UniteID], [FactionID], [Nom], [CoutEnPoint]) VALUES (105, 3, N'Cadian Shock Troops', 95)
INSERT [Unites].[Unite] ([UniteID], [FactionID], [Nom], [CoutEnPoint]) VALUES (106, 10, N'Canoness', 175)
INSERT [Unites].[Unite] ([UniteID], [FactionID], [Nom], [CoutEnPoint]) VALUES (107, 8, N'Sicarian Infiltrators', 170)
INSERT [Unites].[Unite] ([UniteID], [FactionID], [Nom], [CoutEnPoint]) VALUES (108, 4, N'Plague Surgeon', 85)
INSERT [Unites].[Unite] ([UniteID], [FactionID], [Nom], [CoutEnPoint]) VALUES (109, 4, N'Interceptor Squad', 130)
INSERT [Unites].[Unite] ([UniteID], [FactionID], [Nom], [CoutEnPoint]) VALUES (110, 17, N'Captain', 170)
INSERT [Unites].[Unite] ([UniteID], [FactionID], [Nom], [CoutEnPoint]) VALUES (111, 13, N'Sister Superior', 245)
INSERT [Unites].[Unite] ([UniteID], [FactionID], [Nom], [CoutEnPoint]) VALUES (112, 11, N'Ironstrider Ballistarius', 280)
INSERT [Unites].[Unite] ([UniteID], [FactionID], [Nom], [CoutEnPoint]) VALUES (113, 10, N'Canoptek Scarabs', 145)
INSERT [Unites].[Unite] ([UniteID], [FactionID], [Nom], [CoutEnPoint]) VALUES (114, 16, N'Nightbringer', 95)
INSERT [Unites].[Unite] ([UniteID], [FactionID], [Nom], [CoutEnPoint]) VALUES (115, 2, N'TX4 Piranha', 165)
INSERT [Unites].[Unite] ([UniteID], [FactionID], [Nom], [CoutEnPoint]) VALUES (116, 4, N'Meganobz', 155)
INSERT [Unites].[Unite] ([UniteID], [FactionID], [Nom], [CoutEnPoint]) VALUES (117, 10, N'Spiritseer', 145)
INSERT [Unites].[Unite] ([UniteID], [FactionID], [Nom], [CoutEnPoint]) VALUES (118, 13, N'Palatine', 70)
INSERT [Unites].[Unite] ([UniteID], [FactionID], [Nom], [CoutEnPoint]) VALUES (119, 10, N'Serberys Raiders', 235)
INSERT [Unites].[Unite] ([UniteID], [FactionID], [Nom], [CoutEnPoint]) VALUES (120, 9, N'Myphitic Blight-haulers', 250)
INSERT [Unites].[Unite] ([UniteID], [FactionID], [Nom], [CoutEnPoint]) VALUES (121, 4, N'Tzaangors', 245)
INSERT [Unites].[Unite] ([UniteID], [FactionID], [Nom], [CoutEnPoint]) VALUES (122, 9, N'Furioso Dreadnought', 150)
INSERT [Unites].[Unite] ([UniteID], [FactionID], [Nom], [CoutEnPoint]) VALUES (123, 18, N'Rune Priest', 85)
INSERT [Unites].[Unite] ([UniteID], [FactionID], [Nom], [CoutEnPoint]) VALUES (124, 16, N'Chaos Cultists', 50)
INSERT [Unites].[Unite] ([UniteID], [FactionID], [Nom], [CoutEnPoint]) VALUES (125, 5, N'Cryptek', 215)
INSERT [Unites].[Unite] ([UniteID], [FactionID], [Nom], [CoutEnPoint]) VALUES (126, 17, N'Sun Shark Bomber', 95)
INSERT [Unites].[Unite] ([UniteID], [FactionID], [Nom], [CoutEnPoint]) VALUES (127, 4, N'Mek Gunz', 40)
INSERT [Unites].[Unite] ([UniteID], [FactionID], [Nom], [CoutEnPoint]) VALUES (128, 1, N'Autarch', 260)
INSERT [Unites].[Unite] ([UniteID], [FactionID], [Nom], [CoutEnPoint]) VALUES (129, 12, N'Archeopter Fusilave', 225)
INSERT [Unites].[Unite] ([UniteID], [FactionID], [Nom], [CoutEnPoint]) VALUES (130, 5, N'Plagueburst Crawler', 190)
INSERT [Unites].[Unite] ([UniteID], [FactionID], [Nom], [CoutEnPoint]) VALUES (131, 18, N'Apothecary', 200)
INSERT [Unites].[Unite] ([UniteID], [FactionID], [Nom], [CoutEnPoint]) VALUES (132, 13, N'Sanguinary Novitiate', 190)
INSERT [Unites].[Unite] ([UniteID], [FactionID], [Nom], [CoutEnPoint]) VALUES (133, 18, N'Seraphim Squad', 230)
INSERT [Unites].[Unite] ([UniteID], [FactionID], [Nom], [CoutEnPoint]) VALUES (134, 12, N'Archaeopter Transvector', 90)
INSERT [Unites].[Unite] ([UniteID], [FactionID], [Nom], [CoutEnPoint]) VALUES (135, 4, N'Triarch Praetorians', 80)
INSERT [Unites].[Unite] ([UniteID], [FactionID], [Nom], [CoutEnPoint]) VALUES (136, 17, N'Wolf Lord', 190)
INSERT [Unites].[Unite] ([UniteID], [FactionID], [Nom], [CoutEnPoint]) VALUES (137, 4, N'Chaos Rhino', 285)
INSERT [Unites].[Unite] ([UniteID], [FactionID], [Nom], [CoutEnPoint]) VALUES (138, 14, N'Hammerhead Gunship', 220)
INSERT [Unites].[Unite] ([UniteID], [FactionID], [Nom], [CoutEnPoint]) VALUES (139, 2, N'Killa Kans', 185)
INSERT [Unites].[Unite] ([UniteID], [FactionID], [Nom], [CoutEnPoint]) VALUES (140, 18, N'Spiritseer', 255)
INSERT [Unites].[Unite] ([UniteID], [FactionID], [Nom], [CoutEnPoint]) VALUES (141, 10, N'Canoness', 90)
INSERT [Unites].[Unite] ([UniteID], [FactionID], [Nom], [CoutEnPoint]) VALUES (142, 9, N'Sicarian Infiltrators', 115)
INSERT [Unites].[Unite] ([UniteID], [FactionID], [Nom], [CoutEnPoint]) VALUES (143, 3, N'Foetid Bloat-drone', 115)
INSERT [Unites].[Unite] ([UniteID], [FactionID], [Nom], [CoutEnPoint]) VALUES (144, 17, N'Interrogator-Chaplain', 150)
INSERT [Unites].[Unite] ([UniteID], [FactionID], [Nom], [CoutEnPoint]) VALUES (145, 5, N'Exalted Sorcerers', 40)
INSERT [Unites].[Unite] ([UniteID], [FactionID], [Nom], [CoutEnPoint]) VALUES (146, 17, N'Furioso Dreadnought', 135)
INSERT [Unites].[Unite] ([UniteID], [FactionID], [Nom], [CoutEnPoint]) VALUES (147, 7, N'Rune Priest', 240)
INSERT [Unites].[Unite] ([UniteID], [FactionID], [Nom], [CoutEnPoint]) VALUES (148, 13, N'Chaos Cultists', 270)
INSERT [Unites].[Unite] ([UniteID], [FactionID], [Nom], [CoutEnPoint]) VALUES (149, 10, N'Cryptek', 100)
INSERT [Unites].[Unite] ([UniteID], [FactionID], [Nom], [CoutEnPoint]) VALUES (150, 9, N'TX4 Piranha', 240)
INSERT [Unites].[Unite] ([UniteID], [FactionID], [Nom], [CoutEnPoint]) VALUES (151, 7, N'Burna Boyz', 55)
INSERT [Unites].[Unite] ([UniteID], [FactionID], [Nom], [CoutEnPoint]) VALUES (152, 18, N'Farseer', 55)
INSERT [Unites].[Unite] ([UniteID], [FactionID], [Nom], [CoutEnPoint]) VALUES (153, 14, N'Tech-Priest Dominus', 155)
INSERT [Unites].[Unite] ([UniteID], [FactionID], [Nom], [CoutEnPoint]) VALUES (154, 7, N'Archeopter Stratoraptor', 160)
INSERT [Unites].[Unite] ([UniteID], [FactionID], [Nom], [CoutEnPoint]) VALUES (155, 10, N'Scarabs', 295)
INSERT [Unites].[Unite] ([UniteID], [FactionID], [Nom], [CoutEnPoint]) VALUES (156, 15, N'KV128 Stormsurge', 70)
INSERT [Unites].[Unite] ([UniteID], [FactionID], [Nom], [CoutEnPoint]) VALUES (157, 9, N'Atalan Jackals', 300)
INSERT [Unites].[Unite] ([UniteID], [FactionID], [Nom], [CoutEnPoint]) VALUES (158, 16, N'Cadian Shock Troops', 45)
INSERT [Unites].[Unite] ([UniteID], [FactionID], [Nom], [CoutEnPoint]) VALUES (159, 16, N'Canoness', 285)
INSERT [Unites].[Unite] ([UniteID], [FactionID], [Nom], [CoutEnPoint]) VALUES (160, 5, N'Sicarian Infiltrators', 275)
INSERT [Unites].[Unite] ([UniteID], [FactionID], [Nom], [CoutEnPoint]) VALUES (161, 7, N'Plague Surgeon', 115)
INSERT [Unites].[Unite] ([UniteID], [FactionID], [Nom], [CoutEnPoint]) VALUES (162, 18, N'Interceptor Squad', 280)
INSERT [Unites].[Unite] ([UniteID], [FactionID], [Nom], [CoutEnPoint]) VALUES (163, 10, N'Captain', 100)
INSERT [Unites].[Unite] ([UniteID], [FactionID], [Nom], [CoutEnPoint]) VALUES (164, 5, N'Sister Superior', 280)
INSERT [Unites].[Unite] ([UniteID], [FactionID], [Nom], [CoutEnPoint]) VALUES (165, 17, N'Ironstrider Ballistarius', 100)
INSERT [Unites].[Unite] ([UniteID], [FactionID], [Nom], [CoutEnPoint]) VALUES (166, 7, N'Canoptek Scarabs', 160)
INSERT [Unites].[Unite] ([UniteID], [FactionID], [Nom], [CoutEnPoint]) VALUES (167, 14, N'Nightbringer', 115)
INSERT [Unites].[Unite] ([UniteID], [FactionID], [Nom], [CoutEnPoint]) VALUES (168, 9, N'TX4 Piranha', 80)
INSERT [Unites].[Unite] ([UniteID], [FactionID], [Nom], [CoutEnPoint]) VALUES (169, 13, N'Meganobz', 165)
INSERT [Unites].[Unite] ([UniteID], [FactionID], [Nom], [CoutEnPoint]) VALUES (170, 4, N'Spiritseer', 45)
INSERT [Unites].[Unite] ([UniteID], [FactionID], [Nom], [CoutEnPoint]) VALUES (171, 6, N'Palatine', 290)
INSERT [Unites].[Unite] ([UniteID], [FactionID], [Nom], [CoutEnPoint]) VALUES (172, 9, N'Serberys Raiders', 220)
INSERT [Unites].[Unite] ([UniteID], [FactionID], [Nom], [CoutEnPoint]) VALUES (173, 17, N'Myphitic Blight-haulers', 295)
INSERT [Unites].[Unite] ([UniteID], [FactionID], [Nom], [CoutEnPoint]) VALUES (174, 3, N'Tzaangors', 195)
INSERT [Unites].[Unite] ([UniteID], [FactionID], [Nom], [CoutEnPoint]) VALUES (175, 16, N'Furioso Dreadnought', 155)
INSERT [Unites].[Unite] ([UniteID], [FactionID], [Nom], [CoutEnPoint]) VALUES (176, 11, N'Rune Priest', 270)
INSERT [Unites].[Unite] ([UniteID], [FactionID], [Nom], [CoutEnPoint]) VALUES (177, 8, N'Chaos Cultists', 195)
INSERT [Unites].[Unite] ([UniteID], [FactionID], [Nom], [CoutEnPoint]) VALUES (178, 1, N'Cryptek', 200)
INSERT [Unites].[Unite] ([UniteID], [FactionID], [Nom], [CoutEnPoint]) VALUES (179, 18, N'Sun Shark Bomber', 240)
INSERT [Unites].[Unite] ([UniteID], [FactionID], [Nom], [CoutEnPoint]) VALUES (180, 8, N'Mek Gunz', 135)
INSERT [Unites].[Unite] ([UniteID], [FactionID], [Nom], [CoutEnPoint]) VALUES (181, 10, N'Autarch', 55)
INSERT [Unites].[Unite] ([UniteID], [FactionID], [Nom], [CoutEnPoint]) VALUES (182, 13, N'Archeopter Fusilave', 65)
INSERT [Unites].[Unite] ([UniteID], [FactionID], [Nom], [CoutEnPoint]) VALUES (183, 2, N'Plagueburst Crawler', 175)
INSERT [Unites].[Unite] ([UniteID], [FactionID], [Nom], [CoutEnPoint]) VALUES (184, 17, N'Apothecary', 40)
INSERT [Unites].[Unite] ([UniteID], [FactionID], [Nom], [CoutEnPoint]) VALUES (185, 6, N'Sanguinary Novitiate', 270)
INSERT [Unites].[Unite] ([UniteID], [FactionID], [Nom], [CoutEnPoint]) VALUES (186, 8, N'Seraphim Squad', 105)
INSERT [Unites].[Unite] ([UniteID], [FactionID], [Nom], [CoutEnPoint]) VALUES (187, 4, N'Archaeopter Transvector', 285)
INSERT [Unites].[Unite] ([UniteID], [FactionID], [Nom], [CoutEnPoint]) VALUES (188, 14, N'Triarch Praetorians', 40)
INSERT [Unites].[Unite] ([UniteID], [FactionID], [Nom], [CoutEnPoint]) VALUES (189, 11, N'Wolf Lord', 275)
INSERT [Unites].[Unite] ([UniteID], [FactionID], [Nom], [CoutEnPoint]) VALUES (190, 2, N'Chaos Rhino', 155)
INSERT [Unites].[Unite] ([UniteID], [FactionID], [Nom], [CoutEnPoint]) VALUES (191, 13, N'Hammerhead Gunship', 80)
INSERT [Unites].[Unite] ([UniteID], [FactionID], [Nom], [CoutEnPoint]) VALUES (192, 16, N'Killa Kans', 145)
INSERT [Unites].[Unite] ([UniteID], [FactionID], [Nom], [CoutEnPoint]) VALUES (193, 17, N'Spiritseer', 75)
INSERT [Unites].[Unite] ([UniteID], [FactionID], [Nom], [CoutEnPoint]) VALUES (194, 16, N'Canoness', 130)
INSERT [Unites].[Unite] ([UniteID], [FactionID], [Nom], [CoutEnPoint]) VALUES (195, 14, N'Sicarian Infiltrators', 60)
INSERT [Unites].[Unite] ([UniteID], [FactionID], [Nom], [CoutEnPoint]) VALUES (196, 14, N'Foetid Bloat-drone', 280)
INSERT [Unites].[Unite] ([UniteID], [FactionID], [Nom], [CoutEnPoint]) VALUES (197, 18, N'Interrogator-Chaplain', 100)
INSERT [Unites].[Unite] ([UniteID], [FactionID], [Nom], [CoutEnPoint]) VALUES (198, 5, N'Exalted Sorcerers', 200)
INSERT [Unites].[Unite] ([UniteID], [FactionID], [Nom], [CoutEnPoint]) VALUES (199, 18, N'Furioso Dreadnought', 115)
GO
INSERT [Unites].[Unite] ([UniteID], [FactionID], [Nom], [CoutEnPoint]) VALUES (200, 2, N'Rune Priest', 270)
INSERT [Unites].[Unite] ([UniteID], [FactionID], [Nom], [CoutEnPoint]) VALUES (201, 18, N'Chaos Cultists', 165)
INSERT [Unites].[Unite] ([UniteID], [FactionID], [Nom], [CoutEnPoint]) VALUES (202, 7, N'Cryptek', 140)
INSERT [Unites].[Unite] ([UniteID], [FactionID], [Nom], [CoutEnPoint]) VALUES (203, 7, N'TX4 Piranha', 100)
INSERT [Unites].[Unite] ([UniteID], [FactionID], [Nom], [CoutEnPoint]) VALUES (204, 4, N'Burna Boyz', 85)
INSERT [Unites].[Unite] ([UniteID], [FactionID], [Nom], [CoutEnPoint]) VALUES (205, 8, N'Farseer', 65)
INSERT [Unites].[Unite] ([UniteID], [FactionID], [Nom], [CoutEnPoint]) VALUES (206, 14, N'Tech-Priest Dominus', 230)
INSERT [Unites].[Unite] ([UniteID], [FactionID], [Nom], [CoutEnPoint]) VALUES (207, 10, N'Archeopter Stratoraptor', 220)
INSERT [Unites].[Unite] ([UniteID], [FactionID], [Nom], [CoutEnPoint]) VALUES (208, 8, N'Scarabs', 255)
INSERT [Unites].[Unite] ([UniteID], [FactionID], [Nom], [CoutEnPoint]) VALUES (209, 5, N'KV128 Stormsurge', 300)
INSERT [Unites].[Unite] ([UniteID], [FactionID], [Nom], [CoutEnPoint]) VALUES (210, 14, N'Atalan Jackals', 290)
INSERT [Unites].[Unite] ([UniteID], [FactionID], [Nom], [CoutEnPoint]) VALUES (211, 9, N'Cadian Shock Troops', 160)
INSERT [Unites].[Unite] ([UniteID], [FactionID], [Nom], [CoutEnPoint]) VALUES (212, 17, N'Canoness', 235)
INSERT [Unites].[Unite] ([UniteID], [FactionID], [Nom], [CoutEnPoint]) VALUES (213, 14, N'Sicarian Infiltrators', 110)
INSERT [Unites].[Unite] ([UniteID], [FactionID], [Nom], [CoutEnPoint]) VALUES (214, 3, N'Plague Surgeon', 95)
INSERT [Unites].[Unite] ([UniteID], [FactionID], [Nom], [CoutEnPoint]) VALUES (215, 4, N'Interceptor Squad', 265)
INSERT [Unites].[Unite] ([UniteID], [FactionID], [Nom], [CoutEnPoint]) VALUES (216, 13, N'Captain', 125)
INSERT [Unites].[Unite] ([UniteID], [FactionID], [Nom], [CoutEnPoint]) VALUES (217, 16, N'Sister Superior', 185)
INSERT [Unites].[Unite] ([UniteID], [FactionID], [Nom], [CoutEnPoint]) VALUES (218, 7, N'Ironstrider Ballistarius', 105)
INSERT [Unites].[Unite] ([UniteID], [FactionID], [Nom], [CoutEnPoint]) VALUES (219, 12, N'Canoptek Scarabs', 45)
INSERT [Unites].[Unite] ([UniteID], [FactionID], [Nom], [CoutEnPoint]) VALUES (220, 12, N'Nightbringer', 115)
INSERT [Unites].[Unite] ([UniteID], [FactionID], [Nom], [CoutEnPoint]) VALUES (221, 5, N'TX4 Piranha', 115)
INSERT [Unites].[Unite] ([UniteID], [FactionID], [Nom], [CoutEnPoint]) VALUES (222, 17, N'Meganobz', 110)
INSERT [Unites].[Unite] ([UniteID], [FactionID], [Nom], [CoutEnPoint]) VALUES (223, 10, N'Spiritseer', 45)
INSERT [Unites].[Unite] ([UniteID], [FactionID], [Nom], [CoutEnPoint]) VALUES (224, 16, N'Palatine', 290)
INSERT [Unites].[Unite] ([UniteID], [FactionID], [Nom], [CoutEnPoint]) VALUES (225, 18, N'Serberys Raiders', 175)
INSERT [Unites].[Unite] ([UniteID], [FactionID], [Nom], [CoutEnPoint]) VALUES (226, 15, N'Myphitic Blight-haulers', 100)
INSERT [Unites].[Unite] ([UniteID], [FactionID], [Nom], [CoutEnPoint]) VALUES (227, 1, N'Tzaangors', 270)
INSERT [Unites].[Unite] ([UniteID], [FactionID], [Nom], [CoutEnPoint]) VALUES (228, 4, N'Furioso Dreadnought', 100)
INSERT [Unites].[Unite] ([UniteID], [FactionID], [Nom], [CoutEnPoint]) VALUES (229, 12, N'Rune Priest', 215)
INSERT [Unites].[Unite] ([UniteID], [FactionID], [Nom], [CoutEnPoint]) VALUES (230, 14, N'Chaos Cultists', 220)
INSERT [Unites].[Unite] ([UniteID], [FactionID], [Nom], [CoutEnPoint]) VALUES (231, 12, N'Cryptek', 225)
INSERT [Unites].[Unite] ([UniteID], [FactionID], [Nom], [CoutEnPoint]) VALUES (232, 15, N'Sun Shark Bomber', 155)
INSERT [Unites].[Unite] ([UniteID], [FactionID], [Nom], [CoutEnPoint]) VALUES (233, 4, N'Mek Gunz', 170)
INSERT [Unites].[Unite] ([UniteID], [FactionID], [Nom], [CoutEnPoint]) VALUES (234, 18, N'Autarch', 130)
INSERT [Unites].[Unite] ([UniteID], [FactionID], [Nom], [CoutEnPoint]) VALUES (235, 10, N'Archeopter Fusilave', 110)
INSERT [Unites].[Unite] ([UniteID], [FactionID], [Nom], [CoutEnPoint]) VALUES (236, 17, N'Plagueburst Crawler', 195)
INSERT [Unites].[Unite] ([UniteID], [FactionID], [Nom], [CoutEnPoint]) VALUES (237, 8, N'Apothecary', 265)
INSERT [Unites].[Unite] ([UniteID], [FactionID], [Nom], [CoutEnPoint]) VALUES (238, 8, N'Sanguinary Novitiate', 135)
INSERT [Unites].[Unite] ([UniteID], [FactionID], [Nom], [CoutEnPoint]) VALUES (239, 17, N'Seraphim Squad', 50)
INSERT [Unites].[Unite] ([UniteID], [FactionID], [Nom], [CoutEnPoint]) VALUES (240, 15, N'Archaeopter Transvector', 90)
INSERT [Unites].[Unite] ([UniteID], [FactionID], [Nom], [CoutEnPoint]) VALUES (241, 11, N'Triarch Praetorians', 230)
INSERT [Unites].[Unite] ([UniteID], [FactionID], [Nom], [CoutEnPoint]) VALUES (242, 2, N'Wolf Lord', 65)
INSERT [Unites].[Unite] ([UniteID], [FactionID], [Nom], [CoutEnPoint]) VALUES (243, 9, N'Chaos Rhino', 160)
INSERT [Unites].[Unite] ([UniteID], [FactionID], [Nom], [CoutEnPoint]) VALUES (244, 13, N'Hammerhead Gunship', 160)
INSERT [Unites].[Unite] ([UniteID], [FactionID], [Nom], [CoutEnPoint]) VALUES (245, 10, N'Killa Kans', 220)
INSERT [Unites].[Unite] ([UniteID], [FactionID], [Nom], [CoutEnPoint]) VALUES (246, 14, N'Spiritseer', 175)
INSERT [Unites].[Unite] ([UniteID], [FactionID], [Nom], [CoutEnPoint]) VALUES (247, 6, N'Canoness', 275)
INSERT [Unites].[Unite] ([UniteID], [FactionID], [Nom], [CoutEnPoint]) VALUES (248, 17, N'Sicarian Infiltrators', 155)
INSERT [Unites].[Unite] ([UniteID], [FactionID], [Nom], [CoutEnPoint]) VALUES (249, 3, N'Foetid Bloat-drone', 80)
INSERT [Unites].[Unite] ([UniteID], [FactionID], [Nom], [CoutEnPoint]) VALUES (250, 7, N'Interrogator-Chaplain', 75)
INSERT [Unites].[Unite] ([UniteID], [FactionID], [Nom], [CoutEnPoint]) VALUES (251, 8, N'Exalted Sorcerers', 155)
INSERT [Unites].[Unite] ([UniteID], [FactionID], [Nom], [CoutEnPoint]) VALUES (252, 13, N'Furioso Dreadnought', 195)
INSERT [Unites].[Unite] ([UniteID], [FactionID], [Nom], [CoutEnPoint]) VALUES (253, 2, N'Rune Priest', 200)
INSERT [Unites].[Unite] ([UniteID], [FactionID], [Nom], [CoutEnPoint]) VALUES (254, 10, N'Chaos Cultists', 300)
INSERT [Unites].[Unite] ([UniteID], [FactionID], [Nom], [CoutEnPoint]) VALUES (255, 4, N'Cryptek', 275)
INSERT [Unites].[Unite] ([UniteID], [FactionID], [Nom], [CoutEnPoint]) VALUES (256, 13, N'TX4 Piranha', 135)
INSERT [Unites].[Unite] ([UniteID], [FactionID], [Nom], [CoutEnPoint]) VALUES (257, 18, N'Burna Boyz', 145)
INSERT [Unites].[Unite] ([UniteID], [FactionID], [Nom], [CoutEnPoint]) VALUES (258, 15, N'Farseer', 100)
INSERT [Unites].[Unite] ([UniteID], [FactionID], [Nom], [CoutEnPoint]) VALUES (259, 11, N'Tech-Priest Dominus', 200)
INSERT [Unites].[Unite] ([UniteID], [FactionID], [Nom], [CoutEnPoint]) VALUES (260, 6, N'Archeopter Stratoraptor', 155)
INSERT [Unites].[Unite] ([UniteID], [FactionID], [Nom], [CoutEnPoint]) VALUES (261, 2, N'Scarabs', 65)
INSERT [Unites].[Unite] ([UniteID], [FactionID], [Nom], [CoutEnPoint]) VALUES (262, 16, N'KV128 Stormsurge', 135)
INSERT [Unites].[Unite] ([UniteID], [FactionID], [Nom], [CoutEnPoint]) VALUES (263, 17, N'Atalan Jackals', 295)
INSERT [Unites].[Unite] ([UniteID], [FactionID], [Nom], [CoutEnPoint]) VALUES (264, 2, N'Cadian Shock Troops', 235)
INSERT [Unites].[Unite] ([UniteID], [FactionID], [Nom], [CoutEnPoint]) VALUES (265, 17, N'Canoness', 65)
INSERT [Unites].[Unite] ([UniteID], [FactionID], [Nom], [CoutEnPoint]) VALUES (266, 6, N'Sicarian Infiltrators', 110)
INSERT [Unites].[Unite] ([UniteID], [FactionID], [Nom], [CoutEnPoint]) VALUES (267, 16, N'Plague Surgeon', 60)
INSERT [Unites].[Unite] ([UniteID], [FactionID], [Nom], [CoutEnPoint]) VALUES (268, 9, N'Interceptor Squad', 295)
INSERT [Unites].[Unite] ([UniteID], [FactionID], [Nom], [CoutEnPoint]) VALUES (269, 13, N'Captain', 265)
INSERT [Unites].[Unite] ([UniteID], [FactionID], [Nom], [CoutEnPoint]) VALUES (270, 6, N'Sister Superior', 80)
INSERT [Unites].[Unite] ([UniteID], [FactionID], [Nom], [CoutEnPoint]) VALUES (271, 13, N'Ironstrider Ballistarius', 200)
INSERT [Unites].[Unite] ([UniteID], [FactionID], [Nom], [CoutEnPoint]) VALUES (272, 15, N'Canoptek Scarabs', 150)
INSERT [Unites].[Unite] ([UniteID], [FactionID], [Nom], [CoutEnPoint]) VALUES (273, 17, N'Nightbringer', 70)
INSERT [Unites].[Unite] ([UniteID], [FactionID], [Nom], [CoutEnPoint]) VALUES (274, 8, N'TX4 Piranha', 285)
INSERT [Unites].[Unite] ([UniteID], [FactionID], [Nom], [CoutEnPoint]) VALUES (275, 11, N'Meganobz', 90)
INSERT [Unites].[Unite] ([UniteID], [FactionID], [Nom], [CoutEnPoint]) VALUES (276, 11, N'Spiritseer', 55)
INSERT [Unites].[Unite] ([UniteID], [FactionID], [Nom], [CoutEnPoint]) VALUES (277, 4, N'Palatine', 290)
INSERT [Unites].[Unite] ([UniteID], [FactionID], [Nom], [CoutEnPoint]) VALUES (278, 14, N'Serberys Raiders', 245)
INSERT [Unites].[Unite] ([UniteID], [FactionID], [Nom], [CoutEnPoint]) VALUES (279, 14, N'Myphitic Blight-haulers', 175)
SET IDENTITY_INSERT [Unites].[Unite] OFF
GO
SET IDENTITY_INSERT [Modeles].[Modele] ON 

INSERT [Modeles].[Modele] ([ModeleID], [Nom], [Endurance], [Pv], [Mouvement], [Commandement], [Sauvegarde], [Co]) VALUES (1, N'Tau Fire Warrior', 6, 18, 1, 7, 7, 3)
INSERT [Modeles].[Modele] ([ModeleID], [Nom], [Endurance], [Pv], [Mouvement], [Commandement], [Sauvegarde], [Co]) VALUES (2, N'Tervigon', 3, 15, 14, 7, 3, 5)
INSERT [Modeles].[Modele] ([ModeleID], [Nom], [Endurance], [Pv], [Mouvement], [Commandement], [Sauvegarde], [Co]) VALUES (3, N'Dark Eldar Kabalite Warrior', 9, 6, 12, 5, 6, 0)
INSERT [Modeles].[Modele] ([ModeleID], [Nom], [Endurance], [Pv], [Mouvement], [Commandement], [Sauvegarde], [Co]) VALUES (4, N'Chaos Space Marine', 4, 2, 11, 5, 2, 0)
INSERT [Modeles].[Modele] ([ModeleID], [Nom], [Endurance], [Pv], [Mouvement], [Commandement], [Sauvegarde], [Co]) VALUES (5, N'Rhino Transport', 8, 12, 10, 8, 6, 3)
INSERT [Modeles].[Modele] ([ModeleID], [Nom], [Endurance], [Pv], [Mouvement], [Commandement], [Sauvegarde], [Co]) VALUES (6, N'Krieg Death Korps', 6, 5, 10, 7, 2, 3)
INSERT [Modeles].[Modele] ([ModeleID], [Nom], [Endurance], [Pv], [Mouvement], [Commandement], [Sauvegarde], [Co]) VALUES (7, N'Vostroyan Firstborn', 8, 1, 7, 6, 7, 3)
INSERT [Modeles].[Modele] ([ModeleID], [Nom], [Endurance], [Pv], [Mouvement], [Commandement], [Sauvegarde], [Co]) VALUES (8, N'Warlock', 2, 6, 4, 8, 2, 1)
INSERT [Modeles].[Modele] ([ModeleID], [Nom], [Endurance], [Pv], [Mouvement], [Commandement], [Sauvegarde], [Co]) VALUES (9, N'Thunderwolf Cavalry', 7, 7, 6, 6, 2, 7)
INSERT [Modeles].[Modele] ([ModeleID], [Nom], [Endurance], [Pv], [Mouvement], [Commandement], [Sauvegarde], [Co]) VALUES (10, N'Tau Fire Warrior', 7, 1, 11, 5, 7, 4)
INSERT [Modeles].[Modele] ([ModeleID], [Nom], [Endurance], [Pv], [Mouvement], [Commandement], [Sauvegarde], [Co]) VALUES (11, N'Hellhound', 3, 21, 4, 8, 5, 3)
INSERT [Modeles].[Modele] ([ModeleID], [Nom], [Endurance], [Pv], [Mouvement], [Commandement], [Sauvegarde], [Co]) VALUES (12, N'Steel Legion Ironheart', 2, 21, 0, 6, 7, 7)
INSERT [Modeles].[Modele] ([ModeleID], [Nom], [Endurance], [Pv], [Mouvement], [Commandement], [Sauvegarde], [Co]) VALUES (13, N'Mandrake', 11, 6, 11, 5, 2, 0)
INSERT [Modeles].[Modele] ([ModeleID], [Nom], [Endurance], [Pv], [Mouvement], [Commandement], [Sauvegarde], [Co]) VALUES (14, N'Hive Tyrant', 2, 24, 14, 7, 6, 2)
INSERT [Modeles].[Modele] ([ModeleID], [Nom], [Endurance], [Pv], [Mouvement], [Commandement], [Sauvegarde], [Co]) VALUES (15, N'Astropath', 5, 18, 6, 6, 6, 8)
INSERT [Modeles].[Modele] ([ModeleID], [Nom], [Endurance], [Pv], [Mouvement], [Commandement], [Sauvegarde], [Co]) VALUES (16, N'Plaguebearer', 9, 8, 8, 6, 6, 1)
INSERT [Modeles].[Modele] ([ModeleID], [Nom], [Endurance], [Pv], [Mouvement], [Commandement], [Sauvegarde], [Co]) VALUES (17, N'Dark Eldar Kabalite Warrior', 6, 8, 2, 7, 6, 4)
INSERT [Modeles].[Modele] ([ModeleID], [Nom], [Endurance], [Pv], [Mouvement], [Commandement], [Sauvegarde], [Co]) VALUES (18, N'Plague Marine', 7, 15, 8, 6, 4, 3)
INSERT [Modeles].[Modele] ([ModeleID], [Nom], [Endurance], [Pv], [Mouvement], [Commandement], [Sauvegarde], [Co]) VALUES (19, N'Commissar', 7, 2, 6, 8, 4, 4)
INSERT [Modeles].[Modele] ([ModeleID], [Nom], [Endurance], [Pv], [Mouvement], [Commandement], [Sauvegarde], [Co]) VALUES (20, N'Ministorum Priest', 4, 3, 7, 6, 2, 4)
INSERT [Modeles].[Modele] ([ModeleID], [Nom], [Endurance], [Pv], [Mouvement], [Commandement], [Sauvegarde], [Co]) VALUES (21, N'Vostroyan Firstborn', 12, 24, 8, 5, 2, 1)
INSERT [Modeles].[Modele] ([ModeleID], [Nom], [Endurance], [Pv], [Mouvement], [Commandement], [Sauvegarde], [Co]) VALUES (22, N'Rhino Transport', 13, 24, 1, 7, 6, 6)
INSERT [Modeles].[Modele] ([ModeleID], [Nom], [Endurance], [Pv], [Mouvement], [Commandement], [Sauvegarde], [Co]) VALUES (23, N'Kroot Carnivore', 12, 19, 13, 8, 3, 6)
INSERT [Modeles].[Modele] ([ModeleID], [Nom], [Endurance], [Pv], [Mouvement], [Commandement], [Sauvegarde], [Co]) VALUES (24, N'Daemonette', 14, 22, 12, 7, 6, 8)
INSERT [Modeles].[Modele] ([ModeleID], [Nom], [Endurance], [Pv], [Mouvement], [Commandement], [Sauvegarde], [Co]) VALUES (25, N'Forgefiend', 9, 11, 12, 8, 2, 1)
INSERT [Modeles].[Modele] ([ModeleID], [Nom], [Endurance], [Pv], [Mouvement], [Commandement], [Sauvegarde], [Co]) VALUES (26, N'Leeman Russ Eradicator', 4, 7, 13, 5, 5, 7)
INSERT [Modeles].[Modele] ([ModeleID], [Nom], [Endurance], [Pv], [Mouvement], [Commandement], [Sauvegarde], [Co]) VALUES (27, N'Wolf Guard', 13, 15, 9, 5, 4, 6)
INSERT [Modeles].[Modele] ([ModeleID], [Nom], [Endurance], [Pv], [Mouvement], [Commandement], [Sauvegarde], [Co]) VALUES (28, N'Commissar', 11, 3, 5, 5, 5, 6)
INSERT [Modeles].[Modele] ([ModeleID], [Nom], [Endurance], [Pv], [Mouvement], [Commandement], [Sauvegarde], [Co]) VALUES (29, N'Noise Marine', 14, 2, 6, 7, 3, 4)
INSERT [Modeles].[Modele] ([ModeleID], [Nom], [Endurance], [Pv], [Mouvement], [Commandement], [Sauvegarde], [Co]) VALUES (30, N'Leman Russ Executioner', 5, 22, 11, 6, 5, 1)
INSERT [Modeles].[Modele] ([ModeleID], [Nom], [Endurance], [Pv], [Mouvement], [Commandement], [Sauvegarde], [Co]) VALUES (31, N'Genestealer', 5, 22, 7, 5, 3, 1)
INSERT [Modeles].[Modele] ([ModeleID], [Nom], [Endurance], [Pv], [Mouvement], [Commandement], [Sauvegarde], [Co]) VALUES (32, N'Chaos Terminator', 14, 15, 3, 8, 4, 1)
INSERT [Modeles].[Modele] ([ModeleID], [Nom], [Endurance], [Pv], [Mouvement], [Commandement], [Sauvegarde], [Co]) VALUES (33, N'Ratling Sniper', 5, 20, 5, 7, 2, 0)
INSERT [Modeles].[Modele] ([ModeleID], [Nom], [Endurance], [Pv], [Mouvement], [Commandement], [Sauvegarde], [Co]) VALUES (34, N'Grey Knight', 2, 23, 8, 6, 6, 7)
INSERT [Modeles].[Modele] ([ModeleID], [Nom], [Endurance], [Pv], [Mouvement], [Commandement], [Sauvegarde], [Co]) VALUES (35, N'Steel Legion Ironheart', 14, 13, 3, 5, 7, 1)
INSERT [Modeles].[Modele] ([ModeleID], [Nom], [Endurance], [Pv], [Mouvement], [Commandement], [Sauvegarde], [Co]) VALUES (36, N'Dark Eldar Kabalite Warrior', 12, 11, 11, 5, 4, 4)
INSERT [Modeles].[Modele] ([ModeleID], [Nom], [Endurance], [Pv], [Mouvement], [Commandement], [Sauvegarde], [Co]) VALUES (37, N'Wraithguard', 6, 2, 1, 6, 2, 0)
INSERT [Modeles].[Modele] ([ModeleID], [Nom], [Endurance], [Pv], [Mouvement], [Commandement], [Sauvegarde], [Co]) VALUES (38, N'Chaplain', 14, 24, 10, 8, 7, 5)
INSERT [Modeles].[Modele] ([ModeleID], [Nom], [Endurance], [Pv], [Mouvement], [Commandement], [Sauvegarde], [Co]) VALUES (39, N'Hellhound', 4, 18, 5, 8, 3, 8)
INSERT [Modeles].[Modele] ([ModeleID], [Nom], [Endurance], [Pv], [Mouvement], [Commandement], [Sauvegarde], [Co]) VALUES (40, N'Wolf Guard', 9, 2, 7, 8, 4, 6)
INSERT [Modeles].[Modele] ([ModeleID], [Nom], [Endurance], [Pv], [Mouvement], [Commandement], [Sauvegarde], [Co]) VALUES (41, N'Wolf Guard', 8, 14, 2, 5, 2, 5)
INSERT [Modeles].[Modele] ([ModeleID], [Nom], [Endurance], [Pv], [Mouvement], [Commandement], [Sauvegarde], [Co]) VALUES (42, N'Tau Crisis Battlesuit', 7, 21, 0, 6, 5, 5)
INSERT [Modeles].[Modele] ([ModeleID], [Nom], [Endurance], [Pv], [Mouvement], [Commandement], [Sauvegarde], [Co]) VALUES (43, N'Mandrake', 5, 6, 5, 5, 5, 6)
INSERT [Modeles].[Modele] ([ModeleID], [Nom], [Endurance], [Pv], [Mouvement], [Commandement], [Sauvegarde], [Co]) VALUES (44, N'Imperial Guard Infantry', 3, 24, 1, 7, 6, 7)
INSERT [Modeles].[Modele] ([ModeleID], [Nom], [Endurance], [Pv], [Mouvement], [Commandement], [Sauvegarde], [Co]) VALUES (45, N'Astropath', 12, 16, 0, 7, 5, 2)
INSERT [Modeles].[Modele] ([ModeleID], [Nom], [Endurance], [Pv], [Mouvement], [Commandement], [Sauvegarde], [Co]) VALUES (46, N'Tomb Spyder', 11, 2, 1, 8, 6, 8)
INSERT [Modeles].[Modele] ([ModeleID], [Nom], [Endurance], [Pv], [Mouvement], [Commandement], [Sauvegarde], [Co]) VALUES (47, N'Sisters of Battle', 5, 18, 2, 6, 2, 4)
INSERT [Modeles].[Modele] ([ModeleID], [Nom], [Endurance], [Pv], [Mouvement], [Commandement], [Sauvegarde], [Co]) VALUES (48, N'Archon', 6, 7, 4, 5, 7, 7)
INSERT [Modeles].[Modele] ([ModeleID], [Nom], [Endurance], [Pv], [Mouvement], [Commandement], [Sauvegarde], [Co]) VALUES (49, N'Dark Eldar Kabalite Warrior', 13, 8, 14, 6, 6, 6)
INSERT [Modeles].[Modele] ([ModeleID], [Nom], [Endurance], [Pv], [Mouvement], [Commandement], [Sauvegarde], [Co]) VALUES (50, N'Warlock', 13, 3, 0, 8, 4, 3)
INSERT [Modeles].[Modele] ([ModeleID], [Nom], [Endurance], [Pv], [Mouvement], [Commandement], [Sauvegarde], [Co]) VALUES (51, N'Elysian Drop Trooper', 12, 19, 13, 5, 2, 1)
INSERT [Modeles].[Modele] ([ModeleID], [Nom], [Endurance], [Pv], [Mouvement], [Commandement], [Sauvegarde], [Co]) VALUES (52, N'Wraithguard', 13, 8, 5, 6, 6, 6)
INSERT [Modeles].[Modele] ([ModeleID], [Nom], [Endurance], [Pv], [Mouvement], [Commandement], [Sauvegarde], [Co]) VALUES (53, N'Taurox Prime', 4, 5, 8, 6, 6, 4)
INSERT [Modeles].[Modele] ([ModeleID], [Nom], [Endurance], [Pv], [Mouvement], [Commandement], [Sauvegarde], [Co]) VALUES (54, N'Kabalite Trueborn', 3, 5, 14, 6, 3, 6)
INSERT [Modeles].[Modele] ([ModeleID], [Nom], [Endurance], [Pv], [Mouvement], [Commandement], [Sauvegarde], [Co]) VALUES (55, N'Elysian Drop Trooper', 7, 14, 12, 5, 7, 4)
INSERT [Modeles].[Modele] ([ModeleID], [Nom], [Endurance], [Pv], [Mouvement], [Commandement], [Sauvegarde], [Co]) VALUES (56, N'Broodlord', 7, 19, 5, 8, 5, 6)
INSERT [Modeles].[Modele] ([ModeleID], [Nom], [Endurance], [Pv], [Mouvement], [Commandement], [Sauvegarde], [Co]) VALUES (57, N'Cryptek', 5, 21, 0, 5, 2, 1)
INSERT [Modeles].[Modele] ([ModeleID], [Nom], [Endurance], [Pv], [Mouvement], [Commandement], [Sauvegarde], [Co]) VALUES (58, N'Daemon Engine', 14, 23, 3, 5, 4, 3)
INSERT [Modeles].[Modele] ([ModeleID], [Nom], [Endurance], [Pv], [Mouvement], [Commandement], [Sauvegarde], [Co]) VALUES (59, N'Tallarn Desert Raider', 7, 13, 7, 8, 7, 2)
INSERT [Modeles].[Modele] ([ModeleID], [Nom], [Endurance], [Pv], [Mouvement], [Commandement], [Sauvegarde], [Co]) VALUES (60, N'Deathwatch Veteran', 3, 6, 2, 7, 5, 2)
INSERT [Modeles].[Modele] ([ModeleID], [Nom], [Endurance], [Pv], [Mouvement], [Commandement], [Sauvegarde], [Co]) VALUES (61, N'Daemon Engine', 13, 7, 13, 6, 7, 6)
INSERT [Modeles].[Modele] ([ModeleID], [Nom], [Endurance], [Pv], [Mouvement], [Commandement], [Sauvegarde], [Co]) VALUES (62, N'Wrack', 3, 8, 9, 6, 3, 3)
INSERT [Modeles].[Modele] ([ModeleID], [Nom], [Endurance], [Pv], [Mouvement], [Commandement], [Sauvegarde], [Co]) VALUES (63, N'Kroot Carnivore', 9, 12, 11, 8, 5, 3)
INSERT [Modeles].[Modele] ([ModeleID], [Nom], [Endurance], [Pv], [Mouvement], [Commandement], [Sauvegarde], [Co]) VALUES (64, N'Dark Eldar Kabalite Warrior', 3, 7, 5, 6, 3, 1)
INSERT [Modeles].[Modele] ([ModeleID], [Nom], [Endurance], [Pv], [Mouvement], [Commandement], [Sauvegarde], [Co]) VALUES (65, N'Lictor', 8, 6, 10, 5, 3, 0)
INSERT [Modeles].[Modele] ([ModeleID], [Nom], [Endurance], [Pv], [Mouvement], [Commandement], [Sauvegarde], [Co]) VALUES (66, N'Warlock', 12, 3, 6, 5, 4, 1)
INSERT [Modeles].[Modele] ([ModeleID], [Nom], [Endurance], [Pv], [Mouvement], [Commandement], [Sauvegarde], [Co]) VALUES (67, N'Heavy Weapons Team', 10, 15, 13, 5, 4, 4)
INSERT [Modeles].[Modele] ([ModeleID], [Nom], [Endurance], [Pv], [Mouvement], [Commandement], [Sauvegarde], [Co]) VALUES (68, N'Imperial Guard Infantry', 9, 16, 12, 6, 3, 7)
INSERT [Modeles].[Modele] ([ModeleID], [Nom], [Endurance], [Pv], [Mouvement], [Commandement], [Sauvegarde], [Co]) VALUES (69, N'Ratling Sniper', 12, 14, 10, 6, 5, 2)
INSERT [Modeles].[Modele] ([ModeleID], [Nom], [Endurance], [Pv], [Mouvement], [Commandement], [Sauvegarde], [Co]) VALUES (70, N'Basilisk', 3, 13, 12, 7, 3, 7)
INSERT [Modeles].[Modele] ([ModeleID], [Nom], [Endurance], [Pv], [Mouvement], [Commandement], [Sauvegarde], [Co]) VALUES (71, N'Ogryn Bodyguard', 14, 11, 11, 7, 6, 1)
INSERT [Modeles].[Modele] ([ModeleID], [Nom], [Endurance], [Pv], [Mouvement], [Commandement], [Sauvegarde], [Co]) VALUES (72, N'Chaos Cultist', 2, 4, 2, 8, 5, 2)
INSERT [Modeles].[Modele] ([ModeleID], [Nom], [Endurance], [Pv], [Mouvement], [Commandement], [Sauvegarde], [Co]) VALUES (73, N'Culexus Assassin', 13, 17, 14, 7, 2, 6)
INSERT [Modeles].[Modele] ([ModeleID], [Nom], [Endurance], [Pv], [Mouvement], [Commandement], [Sauvegarde], [Co]) VALUES (74, N'Warlock', 13, 7, 12, 7, 7, 4)
INSERT [Modeles].[Modele] ([ModeleID], [Nom], [Endurance], [Pv], [Mouvement], [Commandement], [Sauvegarde], [Co]) VALUES (75, N'Baneblade', 5, 20, 14, 5, 2, 4)
INSERT [Modeles].[Modele] ([ModeleID], [Nom], [Endurance], [Pv], [Mouvement], [Commandement], [Sauvegarde], [Co]) VALUES (76, N'Helbrute', 14, 3, 0, 7, 5, 7)
INSERT [Modeles].[Modele] ([ModeleID], [Nom], [Endurance], [Pv], [Mouvement], [Commandement], [Sauvegarde], [Co]) VALUES (77, N'Hydra Flak Tank', 5, 14, 0, 7, 3, 1)
INSERT [Modeles].[Modele] ([ModeleID], [Nom], [Endurance], [Pv], [Mouvement], [Commandement], [Sauvegarde], [Co]) VALUES (78, N'Daemon Prince', 9, 10, 6, 8, 5, 6)
INSERT [Modeles].[Modele] ([ModeleID], [Nom], [Endurance], [Pv], [Mouvement], [Commandement], [Sauvegarde], [Co]) VALUES (79, N'Wrack', 12, 14, 12, 5, 2, 5)
INSERT [Modeles].[Modele] ([ModeleID], [Nom], [Endurance], [Pv], [Mouvement], [Commandement], [Sauvegarde], [Co]) VALUES (80, N'Screamers of Tzeentch', 11, 16, 4, 6, 3, 5)
INSERT [Modeles].[Modele] ([ModeleID], [Nom], [Endurance], [Pv], [Mouvement], [Commandement], [Sauvegarde], [Co]) VALUES (81, N'Chaos Terminator', 14, 9, 2, 7, 6, 6)
INSERT [Modeles].[Modele] ([ModeleID], [Nom], [Endurance], [Pv], [Mouvement], [Commandement], [Sauvegarde], [Co]) VALUES (82, N'Tech-Priest Enginseer', 9, 2, 8, 8, 6, 0)
INSERT [Modeles].[Modele] ([ModeleID], [Nom], [Endurance], [Pv], [Mouvement], [Commandement], [Sauvegarde], [Co]) VALUES (83, N'Vanquisher Tank', 12, 13, 6, 8, 3, 1)
INSERT [Modeles].[Modele] ([ModeleID], [Nom], [Endurance], [Pv], [Mouvement], [Commandement], [Sauvegarde], [Co]) VALUES (84, N'Mawloc', 7, 6, 7, 7, 7, 4)
INSERT [Modeles].[Modele] ([ModeleID], [Nom], [Endurance], [Pv], [Mouvement], [Commandement], [Sauvegarde], [Co]) VALUES (85, N'Wraithguard', 6, 22, 6, 6, 6, 3)
INSERT [Modeles].[Modele] ([ModeleID], [Nom], [Endurance], [Pv], [Mouvement], [Commandement], [Sauvegarde], [Co]) VALUES (86, N'Elysian Drop Trooper', 7, 24, 7, 7, 6, 0)
INSERT [Modeles].[Modele] ([ModeleID], [Nom], [Endurance], [Pv], [Mouvement], [Commandement], [Sauvegarde], [Co]) VALUES (87, N'Screamers of Tzeentch', 11, 15, 7, 6, 7, 2)
INSERT [Modeles].[Modele] ([ModeleID], [Nom], [Endurance], [Pv], [Mouvement], [Commandement], [Sauvegarde], [Co]) VALUES (88, N'Carnifex', 5, 6, 8, 8, 2, 5)
INSERT [Modeles].[Modele] ([ModeleID], [Nom], [Endurance], [Pv], [Mouvement], [Commandement], [Sauvegarde], [Co]) VALUES (89, N'Space Marine Terminator', 11, 6, 4, 5, 5, 4)
INSERT [Modeles].[Modele] ([ModeleID], [Nom], [Endurance], [Pv], [Mouvement], [Commandement], [Sauvegarde], [Co]) VALUES (90, N'Tau Crisis Battlesuit', 8, 9, 7, 8, 7, 1)
INSERT [Modeles].[Modele] ([ModeleID], [Nom], [Endurance], [Pv], [Mouvement], [Commandement], [Sauvegarde], [Co]) VALUES (91, N'Chaos Cultist', 3, 1, 11, 6, 2, 7)
INSERT [Modeles].[Modele] ([ModeleID], [Nom], [Endurance], [Pv], [Mouvement], [Commandement], [Sauvegarde], [Co]) VALUES (92, N'Ork Boy', 9, 4, 5, 6, 3, 8)
INSERT [Modeles].[Modele] ([ModeleID], [Nom], [Endurance], [Pv], [Mouvement], [Commandement], [Sauvegarde], [Co]) VALUES (93, N'Hive Tyrant', 13, 6, 1, 7, 4, 2)
INSERT [Modeles].[Modele] ([ModeleID], [Nom], [Endurance], [Pv], [Mouvement], [Commandement], [Sauvegarde], [Co]) VALUES (94, N'Vindicare Assassin', 4, 22, 12, 5, 3, 7)
INSERT [Modeles].[Modele] ([ModeleID], [Nom], [Endurance], [Pv], [Mouvement], [Commandement], [Sauvegarde], [Co]) VALUES (95, N'Librarian', 12, 8, 5, 7, 7, 2)
INSERT [Modeles].[Modele] ([ModeleID], [Nom], [Endurance], [Pv], [Mouvement], [Commandement], [Sauvegarde], [Co]) VALUES (96, N'Basilisk', 11, 23, 1, 6, 7, 8)
INSERT [Modeles].[Modele] ([ModeleID], [Nom], [Endurance], [Pv], [Mouvement], [Commandement], [Sauvegarde], [Co]) VALUES (97, N'Astra Militarum Officer', 6, 20, 2, 7, 3, 4)
INSERT [Modeles].[Modele] ([ModeleID], [Nom], [Endurance], [Pv], [Mouvement], [Commandement], [Sauvegarde], [Co]) VALUES (98, N'Tech-Priest Enginseer', 3, 18, 5, 7, 2, 7)
INSERT [Modeles].[Modele] ([ModeleID], [Nom], [Endurance], [Pv], [Mouvement], [Commandement], [Sauvegarde], [Co]) VALUES (99, N'Thunderwolf Cavalry', 8, 12, 13, 7, 2, 6)
GO
INSERT [Modeles].[Modele] ([ModeleID], [Nom], [Endurance], [Pv], [Mouvement], [Commandement], [Sauvegarde], [Co]) VALUES (100, N'Leman Russ Demolisher', 7, 18, 10, 5, 2, 2)
SET IDENTITY_INSERT [Modeles].[Modele] OFF
GO
SET IDENTITY_INSERT [Unites].[ModeleDansUnite] ON 

INSERT [Unites].[ModeleDansUnite] ([ModeleDansUniteID], [UniteID], [ModeleID], [NbModele]) VALUES (1, 1, 52, 18)
INSERT [Unites].[ModeleDansUnite] ([ModeleDansUniteID], [UniteID], [ModeleID], [NbModele]) VALUES (2, 2, 21, 15)
INSERT [Unites].[ModeleDansUnite] ([ModeleDansUniteID], [UniteID], [ModeleID], [NbModele]) VALUES (3, 3, 33, 19)
INSERT [Unites].[ModeleDansUnite] ([ModeleDansUniteID], [UniteID], [ModeleID], [NbModele]) VALUES (4, 4, 75, 17)
INSERT [Unites].[ModeleDansUnite] ([ModeleDansUniteID], [UniteID], [ModeleID], [NbModele]) VALUES (5, 5, 54, 2)
INSERT [Unites].[ModeleDansUnite] ([ModeleDansUniteID], [UniteID], [ModeleID], [NbModele]) VALUES (6, 6, 69, 3)
INSERT [Unites].[ModeleDansUnite] ([ModeleDansUniteID], [UniteID], [ModeleID], [NbModele]) VALUES (7, 7, 92, 13)
INSERT [Unites].[ModeleDansUnite] ([ModeleDansUniteID], [UniteID], [ModeleID], [NbModele]) VALUES (8, 8, 30, 16)
INSERT [Unites].[ModeleDansUnite] ([ModeleDansUniteID], [UniteID], [ModeleID], [NbModele]) VALUES (9, 9, 71, 7)
INSERT [Unites].[ModeleDansUnite] ([ModeleDansUniteID], [UniteID], [ModeleID], [NbModele]) VALUES (10, 10, 76, 6)
INSERT [Unites].[ModeleDansUnite] ([ModeleDansUniteID], [UniteID], [ModeleID], [NbModele]) VALUES (11, 11, 7, 15)
INSERT [Unites].[ModeleDansUnite] ([ModeleDansUniteID], [UniteID], [ModeleID], [NbModele]) VALUES (12, 12, 34, 13)
INSERT [Unites].[ModeleDansUnite] ([ModeleDansUniteID], [UniteID], [ModeleID], [NbModele]) VALUES (13, 13, 73, 1)
INSERT [Unites].[ModeleDansUnite] ([ModeleDansUniteID], [UniteID], [ModeleID], [NbModele]) VALUES (14, 14, 24, 17)
INSERT [Unites].[ModeleDansUnite] ([ModeleDansUniteID], [UniteID], [ModeleID], [NbModele]) VALUES (15, 15, 17, 18)
INSERT [Unites].[ModeleDansUnite] ([ModeleDansUniteID], [UniteID], [ModeleID], [NbModele]) VALUES (16, 16, 8, 13)
INSERT [Unites].[ModeleDansUnite] ([ModeleDansUniteID], [UniteID], [ModeleID], [NbModele]) VALUES (17, 17, 69, 5)
INSERT [Unites].[ModeleDansUnite] ([ModeleDansUniteID], [UniteID], [ModeleID], [NbModele]) VALUES (18, 18, 89, 6)
INSERT [Unites].[ModeleDansUnite] ([ModeleDansUniteID], [UniteID], [ModeleID], [NbModele]) VALUES (19, 19, 21, 2)
INSERT [Unites].[ModeleDansUnite] ([ModeleDansUniteID], [UniteID], [ModeleID], [NbModele]) VALUES (20, 20, 79, 16)
INSERT [Unites].[ModeleDansUnite] ([ModeleDansUniteID], [UniteID], [ModeleID], [NbModele]) VALUES (21, 21, 93, 14)
INSERT [Unites].[ModeleDansUnite] ([ModeleDansUniteID], [UniteID], [ModeleID], [NbModele]) VALUES (22, 22, 49, 12)
INSERT [Unites].[ModeleDansUnite] ([ModeleDansUniteID], [UniteID], [ModeleID], [NbModele]) VALUES (23, 23, 50, 3)
INSERT [Unites].[ModeleDansUnite] ([ModeleDansUniteID], [UniteID], [ModeleID], [NbModele]) VALUES (24, 24, 99, 6)
INSERT [Unites].[ModeleDansUnite] ([ModeleDansUniteID], [UniteID], [ModeleID], [NbModele]) VALUES (25, 25, 41, 15)
INSERT [Unites].[ModeleDansUnite] ([ModeleDansUniteID], [UniteID], [ModeleID], [NbModele]) VALUES (26, 26, 76, 4)
INSERT [Unites].[ModeleDansUnite] ([ModeleDansUniteID], [UniteID], [ModeleID], [NbModele]) VALUES (27, 27, 92, 7)
INSERT [Unites].[ModeleDansUnite] ([ModeleDansUniteID], [UniteID], [ModeleID], [NbModele]) VALUES (28, 28, 64, 18)
INSERT [Unites].[ModeleDansUnite] ([ModeleDansUniteID], [UniteID], [ModeleID], [NbModele]) VALUES (29, 29, 44, 3)
INSERT [Unites].[ModeleDansUnite] ([ModeleDansUniteID], [UniteID], [ModeleID], [NbModele]) VALUES (30, 30, 15, 10)
INSERT [Unites].[ModeleDansUnite] ([ModeleDansUniteID], [UniteID], [ModeleID], [NbModele]) VALUES (31, 31, 5, 9)
INSERT [Unites].[ModeleDansUnite] ([ModeleDansUniteID], [UniteID], [ModeleID], [NbModele]) VALUES (32, 32, 6, 5)
INSERT [Unites].[ModeleDansUnite] ([ModeleDansUniteID], [UniteID], [ModeleID], [NbModele]) VALUES (33, 33, 68, 9)
INSERT [Unites].[ModeleDansUnite] ([ModeleDansUniteID], [UniteID], [ModeleID], [NbModele]) VALUES (34, 34, 73, 9)
INSERT [Unites].[ModeleDansUnite] ([ModeleDansUniteID], [UniteID], [ModeleID], [NbModele]) VALUES (35, 35, 82, 18)
INSERT [Unites].[ModeleDansUnite] ([ModeleDansUniteID], [UniteID], [ModeleID], [NbModele]) VALUES (36, 36, 43, 8)
INSERT [Unites].[ModeleDansUnite] ([ModeleDansUniteID], [UniteID], [ModeleID], [NbModele]) VALUES (37, 37, 75, 13)
INSERT [Unites].[ModeleDansUnite] ([ModeleDansUniteID], [UniteID], [ModeleID], [NbModele]) VALUES (38, 38, 65, 12)
INSERT [Unites].[ModeleDansUnite] ([ModeleDansUniteID], [UniteID], [ModeleID], [NbModele]) VALUES (39, 39, 30, 17)
INSERT [Unites].[ModeleDansUnite] ([ModeleDansUniteID], [UniteID], [ModeleID], [NbModele]) VALUES (40, 40, 14, 17)
INSERT [Unites].[ModeleDansUnite] ([ModeleDansUniteID], [UniteID], [ModeleID], [NbModele]) VALUES (41, 41, 90, 11)
INSERT [Unites].[ModeleDansUnite] ([ModeleDansUniteID], [UniteID], [ModeleID], [NbModele]) VALUES (42, 42, 33, 12)
INSERT [Unites].[ModeleDansUnite] ([ModeleDansUniteID], [UniteID], [ModeleID], [NbModele]) VALUES (43, 43, 27, 12)
INSERT [Unites].[ModeleDansUnite] ([ModeleDansUniteID], [UniteID], [ModeleID], [NbModele]) VALUES (44, 44, 46, 19)
INSERT [Unites].[ModeleDansUnite] ([ModeleDansUniteID], [UniteID], [ModeleID], [NbModele]) VALUES (45, 45, 77, 17)
INSERT [Unites].[ModeleDansUnite] ([ModeleDansUniteID], [UniteID], [ModeleID], [NbModele]) VALUES (46, 46, 2, 8)
INSERT [Unites].[ModeleDansUnite] ([ModeleDansUniteID], [UniteID], [ModeleID], [NbModele]) VALUES (47, 47, 36, 1)
INSERT [Unites].[ModeleDansUnite] ([ModeleDansUniteID], [UniteID], [ModeleID], [NbModele]) VALUES (48, 48, 10, 16)
INSERT [Unites].[ModeleDansUnite] ([ModeleDansUniteID], [UniteID], [ModeleID], [NbModele]) VALUES (49, 49, 63, 9)
INSERT [Unites].[ModeleDansUnite] ([ModeleDansUniteID], [UniteID], [ModeleID], [NbModele]) VALUES (50, 50, 76, 2)
INSERT [Unites].[ModeleDansUnite] ([ModeleDansUniteID], [UniteID], [ModeleID], [NbModele]) VALUES (51, 51, 39, 20)
INSERT [Unites].[ModeleDansUnite] ([ModeleDansUniteID], [UniteID], [ModeleID], [NbModele]) VALUES (52, 52, 66, 7)
INSERT [Unites].[ModeleDansUnite] ([ModeleDansUniteID], [UniteID], [ModeleID], [NbModele]) VALUES (53, 53, 26, 16)
INSERT [Unites].[ModeleDansUnite] ([ModeleDansUniteID], [UniteID], [ModeleID], [NbModele]) VALUES (54, 54, 4, 16)
INSERT [Unites].[ModeleDansUnite] ([ModeleDansUniteID], [UniteID], [ModeleID], [NbModele]) VALUES (55, 55, 80, 5)
INSERT [Unites].[ModeleDansUnite] ([ModeleDansUniteID], [UniteID], [ModeleID], [NbModele]) VALUES (56, 56, 92, 13)
INSERT [Unites].[ModeleDansUnite] ([ModeleDansUniteID], [UniteID], [ModeleID], [NbModele]) VALUES (57, 57, 10, 18)
INSERT [Unites].[ModeleDansUnite] ([ModeleDansUniteID], [UniteID], [ModeleID], [NbModele]) VALUES (58, 58, 87, 18)
INSERT [Unites].[ModeleDansUnite] ([ModeleDansUniteID], [UniteID], [ModeleID], [NbModele]) VALUES (59, 59, 73, 6)
INSERT [Unites].[ModeleDansUnite] ([ModeleDansUniteID], [UniteID], [ModeleID], [NbModele]) VALUES (60, 60, 23, 3)
INSERT [Unites].[ModeleDansUnite] ([ModeleDansUniteID], [UniteID], [ModeleID], [NbModele]) VALUES (61, 61, 53, 19)
INSERT [Unites].[ModeleDansUnite] ([ModeleDansUniteID], [UniteID], [ModeleID], [NbModele]) VALUES (62, 62, 3, 18)
INSERT [Unites].[ModeleDansUnite] ([ModeleDansUniteID], [UniteID], [ModeleID], [NbModele]) VALUES (63, 63, 25, 2)
INSERT [Unites].[ModeleDansUnite] ([ModeleDansUniteID], [UniteID], [ModeleID], [NbModele]) VALUES (64, 64, 78, 2)
INSERT [Unites].[ModeleDansUnite] ([ModeleDansUniteID], [UniteID], [ModeleID], [NbModele]) VALUES (65, 65, 51, 1)
INSERT [Unites].[ModeleDansUnite] ([ModeleDansUniteID], [UniteID], [ModeleID], [NbModele]) VALUES (66, 66, 15, 17)
INSERT [Unites].[ModeleDansUnite] ([ModeleDansUniteID], [UniteID], [ModeleID], [NbModele]) VALUES (67, 67, 49, 16)
INSERT [Unites].[ModeleDansUnite] ([ModeleDansUniteID], [UniteID], [ModeleID], [NbModele]) VALUES (68, 68, 25, 15)
INSERT [Unites].[ModeleDansUnite] ([ModeleDansUniteID], [UniteID], [ModeleID], [NbModele]) VALUES (69, 69, 23, 12)
INSERT [Unites].[ModeleDansUnite] ([ModeleDansUniteID], [UniteID], [ModeleID], [NbModele]) VALUES (70, 70, 16, 11)
INSERT [Unites].[ModeleDansUnite] ([ModeleDansUniteID], [UniteID], [ModeleID], [NbModele]) VALUES (71, 71, 68, 5)
INSERT [Unites].[ModeleDansUnite] ([ModeleDansUniteID], [UniteID], [ModeleID], [NbModele]) VALUES (72, 72, 40, 19)
INSERT [Unites].[ModeleDansUnite] ([ModeleDansUniteID], [UniteID], [ModeleID], [NbModele]) VALUES (73, 73, 94, 18)
INSERT [Unites].[ModeleDansUnite] ([ModeleDansUniteID], [UniteID], [ModeleID], [NbModele]) VALUES (74, 74, 87, 9)
INSERT [Unites].[ModeleDansUnite] ([ModeleDansUniteID], [UniteID], [ModeleID], [NbModele]) VALUES (75, 75, 63, 9)
INSERT [Unites].[ModeleDansUnite] ([ModeleDansUniteID], [UniteID], [ModeleID], [NbModele]) VALUES (76, 76, 53, 11)
INSERT [Unites].[ModeleDansUnite] ([ModeleDansUniteID], [UniteID], [ModeleID], [NbModele]) VALUES (77, 77, 36, 17)
INSERT [Unites].[ModeleDansUnite] ([ModeleDansUniteID], [UniteID], [ModeleID], [NbModele]) VALUES (78, 78, 79, 2)
INSERT [Unites].[ModeleDansUnite] ([ModeleDansUniteID], [UniteID], [ModeleID], [NbModele]) VALUES (79, 79, 75, 16)
INSERT [Unites].[ModeleDansUnite] ([ModeleDansUniteID], [UniteID], [ModeleID], [NbModele]) VALUES (80, 80, 20, 5)
INSERT [Unites].[ModeleDansUnite] ([ModeleDansUniteID], [UniteID], [ModeleID], [NbModele]) VALUES (81, 81, 38, 5)
INSERT [Unites].[ModeleDansUnite] ([ModeleDansUniteID], [UniteID], [ModeleID], [NbModele]) VALUES (82, 82, 69, 11)
INSERT [Unites].[ModeleDansUnite] ([ModeleDansUniteID], [UniteID], [ModeleID], [NbModele]) VALUES (83, 83, 30, 13)
INSERT [Unites].[ModeleDansUnite] ([ModeleDansUniteID], [UniteID], [ModeleID], [NbModele]) VALUES (84, 84, 45, 12)
INSERT [Unites].[ModeleDansUnite] ([ModeleDansUniteID], [UniteID], [ModeleID], [NbModele]) VALUES (85, 85, 54, 18)
INSERT [Unites].[ModeleDansUnite] ([ModeleDansUniteID], [UniteID], [ModeleID], [NbModele]) VALUES (86, 86, 11, 20)
INSERT [Unites].[ModeleDansUnite] ([ModeleDansUniteID], [UniteID], [ModeleID], [NbModele]) VALUES (87, 87, 86, 7)
INSERT [Unites].[ModeleDansUnite] ([ModeleDansUniteID], [UniteID], [ModeleID], [NbModele]) VALUES (88, 88, 90, 7)
INSERT [Unites].[ModeleDansUnite] ([ModeleDansUniteID], [UniteID], [ModeleID], [NbModele]) VALUES (89, 89, 40, 3)
INSERT [Unites].[ModeleDansUnite] ([ModeleDansUniteID], [UniteID], [ModeleID], [NbModele]) VALUES (90, 90, 66, 17)
INSERT [Unites].[ModeleDansUnite] ([ModeleDansUniteID], [UniteID], [ModeleID], [NbModele]) VALUES (91, 91, 61, 18)
INSERT [Unites].[ModeleDansUnite] ([ModeleDansUniteID], [UniteID], [ModeleID], [NbModele]) VALUES (92, 92, 47, 12)
INSERT [Unites].[ModeleDansUnite] ([ModeleDansUniteID], [UniteID], [ModeleID], [NbModele]) VALUES (93, 93, 8, 7)
INSERT [Unites].[ModeleDansUnite] ([ModeleDansUniteID], [UniteID], [ModeleID], [NbModele]) VALUES (94, 94, 48, 17)
INSERT [Unites].[ModeleDansUnite] ([ModeleDansUniteID], [UniteID], [ModeleID], [NbModele]) VALUES (95, 95, 77, 9)
INSERT [Unites].[ModeleDansUnite] ([ModeleDansUniteID], [UniteID], [ModeleID], [NbModele]) VALUES (96, 96, 8, 10)
INSERT [Unites].[ModeleDansUnite] ([ModeleDansUniteID], [UniteID], [ModeleID], [NbModele]) VALUES (97, 97, 28, 17)
INSERT [Unites].[ModeleDansUnite] ([ModeleDansUniteID], [UniteID], [ModeleID], [NbModele]) VALUES (98, 98, 18, 2)
INSERT [Unites].[ModeleDansUnite] ([ModeleDansUniteID], [UniteID], [ModeleID], [NbModele]) VALUES (99, 99, 19, 16)
GO
INSERT [Unites].[ModeleDansUnite] ([ModeleDansUniteID], [UniteID], [ModeleID], [NbModele]) VALUES (100, 100, 50, 2)
INSERT [Unites].[ModeleDansUnite] ([ModeleDansUniteID], [UniteID], [ModeleID], [NbModele]) VALUES (101, 101, 16, 1)
INSERT [Unites].[ModeleDansUnite] ([ModeleDansUniteID], [UniteID], [ModeleID], [NbModele]) VALUES (102, 102, 67, 5)
INSERT [Unites].[ModeleDansUnite] ([ModeleDansUniteID], [UniteID], [ModeleID], [NbModele]) VALUES (103, 103, 57, 15)
INSERT [Unites].[ModeleDansUnite] ([ModeleDansUniteID], [UniteID], [ModeleID], [NbModele]) VALUES (104, 104, 31, 16)
INSERT [Unites].[ModeleDansUnite] ([ModeleDansUniteID], [UniteID], [ModeleID], [NbModele]) VALUES (105, 105, 18, 8)
INSERT [Unites].[ModeleDansUnite] ([ModeleDansUniteID], [UniteID], [ModeleID], [NbModele]) VALUES (106, 106, 57, 8)
INSERT [Unites].[ModeleDansUnite] ([ModeleDansUniteID], [UniteID], [ModeleID], [NbModele]) VALUES (107, 107, 64, 12)
INSERT [Unites].[ModeleDansUnite] ([ModeleDansUniteID], [UniteID], [ModeleID], [NbModele]) VALUES (108, 108, 49, 10)
INSERT [Unites].[ModeleDansUnite] ([ModeleDansUniteID], [UniteID], [ModeleID], [NbModele]) VALUES (109, 109, 46, 1)
INSERT [Unites].[ModeleDansUnite] ([ModeleDansUniteID], [UniteID], [ModeleID], [NbModele]) VALUES (110, 110, 90, 6)
INSERT [Unites].[ModeleDansUnite] ([ModeleDansUniteID], [UniteID], [ModeleID], [NbModele]) VALUES (111, 111, 83, 2)
INSERT [Unites].[ModeleDansUnite] ([ModeleDansUniteID], [UniteID], [ModeleID], [NbModele]) VALUES (112, 112, 96, 9)
INSERT [Unites].[ModeleDansUnite] ([ModeleDansUniteID], [UniteID], [ModeleID], [NbModele]) VALUES (113, 113, 72, 14)
INSERT [Unites].[ModeleDansUnite] ([ModeleDansUniteID], [UniteID], [ModeleID], [NbModele]) VALUES (114, 114, 31, 20)
INSERT [Unites].[ModeleDansUnite] ([ModeleDansUniteID], [UniteID], [ModeleID], [NbModele]) VALUES (115, 115, 81, 8)
INSERT [Unites].[ModeleDansUnite] ([ModeleDansUniteID], [UniteID], [ModeleID], [NbModele]) VALUES (116, 116, 32, 12)
INSERT [Unites].[ModeleDansUnite] ([ModeleDansUniteID], [UniteID], [ModeleID], [NbModele]) VALUES (117, 117, 82, 4)
INSERT [Unites].[ModeleDansUnite] ([ModeleDansUniteID], [UniteID], [ModeleID], [NbModele]) VALUES (118, 118, 3, 10)
INSERT [Unites].[ModeleDansUnite] ([ModeleDansUniteID], [UniteID], [ModeleID], [NbModele]) VALUES (119, 119, 92, 8)
INSERT [Unites].[ModeleDansUnite] ([ModeleDansUniteID], [UniteID], [ModeleID], [NbModele]) VALUES (120, 120, 96, 6)
INSERT [Unites].[ModeleDansUnite] ([ModeleDansUniteID], [UniteID], [ModeleID], [NbModele]) VALUES (121, 121, 45, 14)
INSERT [Unites].[ModeleDansUnite] ([ModeleDansUniteID], [UniteID], [ModeleID], [NbModele]) VALUES (122, 122, 58, 2)
INSERT [Unites].[ModeleDansUnite] ([ModeleDansUniteID], [UniteID], [ModeleID], [NbModele]) VALUES (123, 123, 66, 19)
INSERT [Unites].[ModeleDansUnite] ([ModeleDansUniteID], [UniteID], [ModeleID], [NbModele]) VALUES (124, 124, 21, 14)
INSERT [Unites].[ModeleDansUnite] ([ModeleDansUniteID], [UniteID], [ModeleID], [NbModele]) VALUES (125, 125, 75, 2)
INSERT [Unites].[ModeleDansUnite] ([ModeleDansUniteID], [UniteID], [ModeleID], [NbModele]) VALUES (126, 126, 33, 15)
INSERT [Unites].[ModeleDansUnite] ([ModeleDansUniteID], [UniteID], [ModeleID], [NbModele]) VALUES (127, 127, 19, 3)
INSERT [Unites].[ModeleDansUnite] ([ModeleDansUniteID], [UniteID], [ModeleID], [NbModele]) VALUES (128, 128, 21, 12)
INSERT [Unites].[ModeleDansUnite] ([ModeleDansUniteID], [UniteID], [ModeleID], [NbModele]) VALUES (129, 129, 69, 17)
INSERT [Unites].[ModeleDansUnite] ([ModeleDansUniteID], [UniteID], [ModeleID], [NbModele]) VALUES (130, 130, 50, 5)
INSERT [Unites].[ModeleDansUnite] ([ModeleDansUniteID], [UniteID], [ModeleID], [NbModele]) VALUES (131, 131, 15, 7)
INSERT [Unites].[ModeleDansUnite] ([ModeleDansUniteID], [UniteID], [ModeleID], [NbModele]) VALUES (132, 132, 29, 3)
INSERT [Unites].[ModeleDansUnite] ([ModeleDansUniteID], [UniteID], [ModeleID], [NbModele]) VALUES (133, 133, 56, 19)
INSERT [Unites].[ModeleDansUnite] ([ModeleDansUniteID], [UniteID], [ModeleID], [NbModele]) VALUES (134, 134, 36, 12)
INSERT [Unites].[ModeleDansUnite] ([ModeleDansUniteID], [UniteID], [ModeleID], [NbModele]) VALUES (135, 135, 61, 8)
INSERT [Unites].[ModeleDansUnite] ([ModeleDansUniteID], [UniteID], [ModeleID], [NbModele]) VALUES (136, 136, 23, 2)
INSERT [Unites].[ModeleDansUnite] ([ModeleDansUniteID], [UniteID], [ModeleID], [NbModele]) VALUES (137, 137, 55, 14)
INSERT [Unites].[ModeleDansUnite] ([ModeleDansUniteID], [UniteID], [ModeleID], [NbModele]) VALUES (138, 138, 62, 2)
INSERT [Unites].[ModeleDansUnite] ([ModeleDansUniteID], [UniteID], [ModeleID], [NbModele]) VALUES (139, 139, 68, 11)
INSERT [Unites].[ModeleDansUnite] ([ModeleDansUniteID], [UniteID], [ModeleID], [NbModele]) VALUES (140, 140, 99, 9)
INSERT [Unites].[ModeleDansUnite] ([ModeleDansUniteID], [UniteID], [ModeleID], [NbModele]) VALUES (141, 141, 41, 10)
INSERT [Unites].[ModeleDansUnite] ([ModeleDansUniteID], [UniteID], [ModeleID], [NbModele]) VALUES (142, 142, 54, 1)
INSERT [Unites].[ModeleDansUnite] ([ModeleDansUniteID], [UniteID], [ModeleID], [NbModele]) VALUES (143, 143, 38, 8)
INSERT [Unites].[ModeleDansUnite] ([ModeleDansUniteID], [UniteID], [ModeleID], [NbModele]) VALUES (144, 144, 52, 8)
INSERT [Unites].[ModeleDansUnite] ([ModeleDansUniteID], [UniteID], [ModeleID], [NbModele]) VALUES (145, 145, 3, 14)
INSERT [Unites].[ModeleDansUnite] ([ModeleDansUniteID], [UniteID], [ModeleID], [NbModele]) VALUES (146, 146, 94, 11)
INSERT [Unites].[ModeleDansUnite] ([ModeleDansUniteID], [UniteID], [ModeleID], [NbModele]) VALUES (147, 147, 87, 8)
INSERT [Unites].[ModeleDansUnite] ([ModeleDansUniteID], [UniteID], [ModeleID], [NbModele]) VALUES (148, 148, 60, 3)
INSERT [Unites].[ModeleDansUnite] ([ModeleDansUniteID], [UniteID], [ModeleID], [NbModele]) VALUES (149, 149, 40, 17)
INSERT [Unites].[ModeleDansUnite] ([ModeleDansUniteID], [UniteID], [ModeleID], [NbModele]) VALUES (150, 150, 10, 15)
INSERT [Unites].[ModeleDansUnite] ([ModeleDansUniteID], [UniteID], [ModeleID], [NbModele]) VALUES (151, 151, 65, 2)
INSERT [Unites].[ModeleDansUnite] ([ModeleDansUniteID], [UniteID], [ModeleID], [NbModele]) VALUES (152, 152, 99, 18)
INSERT [Unites].[ModeleDansUnite] ([ModeleDansUniteID], [UniteID], [ModeleID], [NbModele]) VALUES (153, 153, 12, 10)
INSERT [Unites].[ModeleDansUnite] ([ModeleDansUniteID], [UniteID], [ModeleID], [NbModele]) VALUES (154, 154, 65, 4)
INSERT [Unites].[ModeleDansUnite] ([ModeleDansUniteID], [UniteID], [ModeleID], [NbModele]) VALUES (155, 155, 44, 14)
INSERT [Unites].[ModeleDansUnite] ([ModeleDansUniteID], [UniteID], [ModeleID], [NbModele]) VALUES (156, 156, 84, 5)
INSERT [Unites].[ModeleDansUnite] ([ModeleDansUniteID], [UniteID], [ModeleID], [NbModele]) VALUES (157, 157, 65, 10)
INSERT [Unites].[ModeleDansUnite] ([ModeleDansUniteID], [UniteID], [ModeleID], [NbModele]) VALUES (158, 158, 49, 4)
INSERT [Unites].[ModeleDansUnite] ([ModeleDansUniteID], [UniteID], [ModeleID], [NbModele]) VALUES (159, 159, 71, 11)
INSERT [Unites].[ModeleDansUnite] ([ModeleDansUniteID], [UniteID], [ModeleID], [NbModele]) VALUES (160, 160, 91, 3)
INSERT [Unites].[ModeleDansUnite] ([ModeleDansUniteID], [UniteID], [ModeleID], [NbModele]) VALUES (161, 161, 68, 6)
INSERT [Unites].[ModeleDansUnite] ([ModeleDansUniteID], [UniteID], [ModeleID], [NbModele]) VALUES (162, 162, 76, 1)
INSERT [Unites].[ModeleDansUnite] ([ModeleDansUniteID], [UniteID], [ModeleID], [NbModele]) VALUES (163, 163, 16, 3)
INSERT [Unites].[ModeleDansUnite] ([ModeleDansUniteID], [UniteID], [ModeleID], [NbModele]) VALUES (164, 164, 22, 20)
INSERT [Unites].[ModeleDansUnite] ([ModeleDansUniteID], [UniteID], [ModeleID], [NbModele]) VALUES (165, 165, 76, 17)
INSERT [Unites].[ModeleDansUnite] ([ModeleDansUniteID], [UniteID], [ModeleID], [NbModele]) VALUES (166, 166, 76, 19)
INSERT [Unites].[ModeleDansUnite] ([ModeleDansUniteID], [UniteID], [ModeleID], [NbModele]) VALUES (167, 167, 59, 15)
INSERT [Unites].[ModeleDansUnite] ([ModeleDansUniteID], [UniteID], [ModeleID], [NbModele]) VALUES (168, 168, 100, 1)
INSERT [Unites].[ModeleDansUnite] ([ModeleDansUniteID], [UniteID], [ModeleID], [NbModele]) VALUES (169, 169, 54, 16)
INSERT [Unites].[ModeleDansUnite] ([ModeleDansUniteID], [UniteID], [ModeleID], [NbModele]) VALUES (170, 170, 4, 19)
INSERT [Unites].[ModeleDansUnite] ([ModeleDansUniteID], [UniteID], [ModeleID], [NbModele]) VALUES (171, 171, 100, 11)
INSERT [Unites].[ModeleDansUnite] ([ModeleDansUniteID], [UniteID], [ModeleID], [NbModele]) VALUES (172, 172, 59, 16)
INSERT [Unites].[ModeleDansUnite] ([ModeleDansUniteID], [UniteID], [ModeleID], [NbModele]) VALUES (173, 173, 77, 9)
INSERT [Unites].[ModeleDansUnite] ([ModeleDansUniteID], [UniteID], [ModeleID], [NbModele]) VALUES (174, 174, 89, 18)
INSERT [Unites].[ModeleDansUnite] ([ModeleDansUniteID], [UniteID], [ModeleID], [NbModele]) VALUES (175, 175, 95, 10)
INSERT [Unites].[ModeleDansUnite] ([ModeleDansUniteID], [UniteID], [ModeleID], [NbModele]) VALUES (176, 176, 88, 12)
INSERT [Unites].[ModeleDansUnite] ([ModeleDansUniteID], [UniteID], [ModeleID], [NbModele]) VALUES (177, 177, 39, 16)
INSERT [Unites].[ModeleDansUnite] ([ModeleDansUniteID], [UniteID], [ModeleID], [NbModele]) VALUES (178, 178, 35, 5)
INSERT [Unites].[ModeleDansUnite] ([ModeleDansUniteID], [UniteID], [ModeleID], [NbModele]) VALUES (179, 179, 64, 4)
INSERT [Unites].[ModeleDansUnite] ([ModeleDansUniteID], [UniteID], [ModeleID], [NbModele]) VALUES (180, 180, 81, 10)
INSERT [Unites].[ModeleDansUnite] ([ModeleDansUniteID], [UniteID], [ModeleID], [NbModele]) VALUES (181, 181, 22, 18)
INSERT [Unites].[ModeleDansUnite] ([ModeleDansUniteID], [UniteID], [ModeleID], [NbModele]) VALUES (182, 182, 88, 16)
INSERT [Unites].[ModeleDansUnite] ([ModeleDansUniteID], [UniteID], [ModeleID], [NbModele]) VALUES (183, 183, 86, 9)
INSERT [Unites].[ModeleDansUnite] ([ModeleDansUniteID], [UniteID], [ModeleID], [NbModele]) VALUES (184, 184, 44, 6)
INSERT [Unites].[ModeleDansUnite] ([ModeleDansUniteID], [UniteID], [ModeleID], [NbModele]) VALUES (185, 185, 91, 1)
INSERT [Unites].[ModeleDansUnite] ([ModeleDansUniteID], [UniteID], [ModeleID], [NbModele]) VALUES (186, 186, 90, 18)
INSERT [Unites].[ModeleDansUnite] ([ModeleDansUniteID], [UniteID], [ModeleID], [NbModele]) VALUES (187, 187, 52, 3)
INSERT [Unites].[ModeleDansUnite] ([ModeleDansUniteID], [UniteID], [ModeleID], [NbModele]) VALUES (188, 188, 12, 1)
INSERT [Unites].[ModeleDansUnite] ([ModeleDansUniteID], [UniteID], [ModeleID], [NbModele]) VALUES (189, 189, 91, 4)
INSERT [Unites].[ModeleDansUnite] ([ModeleDansUniteID], [UniteID], [ModeleID], [NbModele]) VALUES (190, 190, 29, 17)
INSERT [Unites].[ModeleDansUnite] ([ModeleDansUniteID], [UniteID], [ModeleID], [NbModele]) VALUES (191, 191, 45, 14)
INSERT [Unites].[ModeleDansUnite] ([ModeleDansUniteID], [UniteID], [ModeleID], [NbModele]) VALUES (192, 192, 29, 15)
INSERT [Unites].[ModeleDansUnite] ([ModeleDansUniteID], [UniteID], [ModeleID], [NbModele]) VALUES (193, 193, 2, 17)
INSERT [Unites].[ModeleDansUnite] ([ModeleDansUniteID], [UniteID], [ModeleID], [NbModele]) VALUES (194, 194, 33, 14)
INSERT [Unites].[ModeleDansUnite] ([ModeleDansUniteID], [UniteID], [ModeleID], [NbModele]) VALUES (195, 195, 40, 16)
INSERT [Unites].[ModeleDansUnite] ([ModeleDansUniteID], [UniteID], [ModeleID], [NbModele]) VALUES (196, 196, 64, 6)
INSERT [Unites].[ModeleDansUnite] ([ModeleDansUniteID], [UniteID], [ModeleID], [NbModele]) VALUES (197, 197, 75, 6)
INSERT [Unites].[ModeleDansUnite] ([ModeleDansUniteID], [UniteID], [ModeleID], [NbModele]) VALUES (198, 198, 58, 16)
INSERT [Unites].[ModeleDansUnite] ([ModeleDansUniteID], [UniteID], [ModeleID], [NbModele]) VALUES (199, 199, 81, 10)
GO
INSERT [Unites].[ModeleDansUnite] ([ModeleDansUniteID], [UniteID], [ModeleID], [NbModele]) VALUES (200, 200, 20, 1)
INSERT [Unites].[ModeleDansUnite] ([ModeleDansUniteID], [UniteID], [ModeleID], [NbModele]) VALUES (201, 201, 74, 20)
INSERT [Unites].[ModeleDansUnite] ([ModeleDansUniteID], [UniteID], [ModeleID], [NbModele]) VALUES (202, 202, 61, 12)
INSERT [Unites].[ModeleDansUnite] ([ModeleDansUniteID], [UniteID], [ModeleID], [NbModele]) VALUES (203, 203, 72, 14)
INSERT [Unites].[ModeleDansUnite] ([ModeleDansUniteID], [UniteID], [ModeleID], [NbModele]) VALUES (204, 204, 83, 13)
INSERT [Unites].[ModeleDansUnite] ([ModeleDansUniteID], [UniteID], [ModeleID], [NbModele]) VALUES (205, 205, 33, 18)
INSERT [Unites].[ModeleDansUnite] ([ModeleDansUniteID], [UniteID], [ModeleID], [NbModele]) VALUES (206, 206, 5, 12)
INSERT [Unites].[ModeleDansUnite] ([ModeleDansUniteID], [UniteID], [ModeleID], [NbModele]) VALUES (207, 207, 58, 4)
INSERT [Unites].[ModeleDansUnite] ([ModeleDansUniteID], [UniteID], [ModeleID], [NbModele]) VALUES (208, 208, 63, 10)
INSERT [Unites].[ModeleDansUnite] ([ModeleDansUniteID], [UniteID], [ModeleID], [NbModele]) VALUES (209, 209, 30, 11)
INSERT [Unites].[ModeleDansUnite] ([ModeleDansUniteID], [UniteID], [ModeleID], [NbModele]) VALUES (210, 210, 18, 2)
INSERT [Unites].[ModeleDansUnite] ([ModeleDansUniteID], [UniteID], [ModeleID], [NbModele]) VALUES (211, 211, 9, 13)
INSERT [Unites].[ModeleDansUnite] ([ModeleDansUniteID], [UniteID], [ModeleID], [NbModele]) VALUES (212, 212, 55, 7)
INSERT [Unites].[ModeleDansUnite] ([ModeleDansUniteID], [UniteID], [ModeleID], [NbModele]) VALUES (213, 213, 37, 15)
INSERT [Unites].[ModeleDansUnite] ([ModeleDansUniteID], [UniteID], [ModeleID], [NbModele]) VALUES (214, 214, 73, 20)
INSERT [Unites].[ModeleDansUnite] ([ModeleDansUniteID], [UniteID], [ModeleID], [NbModele]) VALUES (215, 215, 40, 10)
INSERT [Unites].[ModeleDansUnite] ([ModeleDansUniteID], [UniteID], [ModeleID], [NbModele]) VALUES (216, 216, 62, 16)
INSERT [Unites].[ModeleDansUnite] ([ModeleDansUniteID], [UniteID], [ModeleID], [NbModele]) VALUES (217, 217, 38, 14)
INSERT [Unites].[ModeleDansUnite] ([ModeleDansUniteID], [UniteID], [ModeleID], [NbModele]) VALUES (218, 218, 7, 2)
INSERT [Unites].[ModeleDansUnite] ([ModeleDansUniteID], [UniteID], [ModeleID], [NbModele]) VALUES (219, 219, 78, 11)
INSERT [Unites].[ModeleDansUnite] ([ModeleDansUniteID], [UniteID], [ModeleID], [NbModele]) VALUES (220, 220, 5, 11)
INSERT [Unites].[ModeleDansUnite] ([ModeleDansUniteID], [UniteID], [ModeleID], [NbModele]) VALUES (221, 221, 74, 17)
INSERT [Unites].[ModeleDansUnite] ([ModeleDansUniteID], [UniteID], [ModeleID], [NbModele]) VALUES (222, 222, 25, 8)
INSERT [Unites].[ModeleDansUnite] ([ModeleDansUniteID], [UniteID], [ModeleID], [NbModele]) VALUES (223, 223, 10, 17)
INSERT [Unites].[ModeleDansUnite] ([ModeleDansUniteID], [UniteID], [ModeleID], [NbModele]) VALUES (224, 224, 55, 5)
INSERT [Unites].[ModeleDansUnite] ([ModeleDansUniteID], [UniteID], [ModeleID], [NbModele]) VALUES (225, 225, 47, 17)
INSERT [Unites].[ModeleDansUnite] ([ModeleDansUniteID], [UniteID], [ModeleID], [NbModele]) VALUES (226, 226, 9, 12)
INSERT [Unites].[ModeleDansUnite] ([ModeleDansUniteID], [UniteID], [ModeleID], [NbModele]) VALUES (227, 227, 73, 7)
INSERT [Unites].[ModeleDansUnite] ([ModeleDansUniteID], [UniteID], [ModeleID], [NbModele]) VALUES (228, 228, 95, 18)
INSERT [Unites].[ModeleDansUnite] ([ModeleDansUniteID], [UniteID], [ModeleID], [NbModele]) VALUES (229, 229, 81, 13)
INSERT [Unites].[ModeleDansUnite] ([ModeleDansUniteID], [UniteID], [ModeleID], [NbModele]) VALUES (230, 230, 6, 9)
INSERT [Unites].[ModeleDansUnite] ([ModeleDansUniteID], [UniteID], [ModeleID], [NbModele]) VALUES (231, 231, 39, 9)
INSERT [Unites].[ModeleDansUnite] ([ModeleDansUniteID], [UniteID], [ModeleID], [NbModele]) VALUES (232, 232, 7, 7)
INSERT [Unites].[ModeleDansUnite] ([ModeleDansUniteID], [UniteID], [ModeleID], [NbModele]) VALUES (233, 233, 7, 18)
INSERT [Unites].[ModeleDansUnite] ([ModeleDansUniteID], [UniteID], [ModeleID], [NbModele]) VALUES (234, 234, 21, 17)
INSERT [Unites].[ModeleDansUnite] ([ModeleDansUniteID], [UniteID], [ModeleID], [NbModele]) VALUES (235, 235, 62, 5)
INSERT [Unites].[ModeleDansUnite] ([ModeleDansUniteID], [UniteID], [ModeleID], [NbModele]) VALUES (236, 236, 15, 12)
INSERT [Unites].[ModeleDansUnite] ([ModeleDansUniteID], [UniteID], [ModeleID], [NbModele]) VALUES (237, 237, 59, 18)
INSERT [Unites].[ModeleDansUnite] ([ModeleDansUniteID], [UniteID], [ModeleID], [NbModele]) VALUES (238, 238, 87, 12)
INSERT [Unites].[ModeleDansUnite] ([ModeleDansUniteID], [UniteID], [ModeleID], [NbModele]) VALUES (239, 239, 30, 12)
INSERT [Unites].[ModeleDansUnite] ([ModeleDansUniteID], [UniteID], [ModeleID], [NbModele]) VALUES (240, 240, 59, 12)
INSERT [Unites].[ModeleDansUnite] ([ModeleDansUniteID], [UniteID], [ModeleID], [NbModele]) VALUES (241, 241, 6, 13)
INSERT [Unites].[ModeleDansUnite] ([ModeleDansUniteID], [UniteID], [ModeleID], [NbModele]) VALUES (242, 242, 70, 16)
INSERT [Unites].[ModeleDansUnite] ([ModeleDansUniteID], [UniteID], [ModeleID], [NbModele]) VALUES (243, 243, 80, 15)
INSERT [Unites].[ModeleDansUnite] ([ModeleDansUniteID], [UniteID], [ModeleID], [NbModele]) VALUES (244, 244, 75, 18)
INSERT [Unites].[ModeleDansUnite] ([ModeleDansUniteID], [UniteID], [ModeleID], [NbModele]) VALUES (245, 245, 24, 19)
INSERT [Unites].[ModeleDansUnite] ([ModeleDansUniteID], [UniteID], [ModeleID], [NbModele]) VALUES (246, 246, 9, 19)
INSERT [Unites].[ModeleDansUnite] ([ModeleDansUniteID], [UniteID], [ModeleID], [NbModele]) VALUES (247, 247, 24, 9)
INSERT [Unites].[ModeleDansUnite] ([ModeleDansUniteID], [UniteID], [ModeleID], [NbModele]) VALUES (248, 248, 90, 7)
INSERT [Unites].[ModeleDansUnite] ([ModeleDansUniteID], [UniteID], [ModeleID], [NbModele]) VALUES (249, 249, 79, 20)
INSERT [Unites].[ModeleDansUnite] ([ModeleDansUniteID], [UniteID], [ModeleID], [NbModele]) VALUES (250, 250, 4, 20)
INSERT [Unites].[ModeleDansUnite] ([ModeleDansUniteID], [UniteID], [ModeleID], [NbModele]) VALUES (251, 251, 45, 20)
INSERT [Unites].[ModeleDansUnite] ([ModeleDansUniteID], [UniteID], [ModeleID], [NbModele]) VALUES (252, 252, 35, 7)
INSERT [Unites].[ModeleDansUnite] ([ModeleDansUniteID], [UniteID], [ModeleID], [NbModele]) VALUES (253, 253, 100, 15)
INSERT [Unites].[ModeleDansUnite] ([ModeleDansUniteID], [UniteID], [ModeleID], [NbModele]) VALUES (254, 254, 23, 8)
INSERT [Unites].[ModeleDansUnite] ([ModeleDansUniteID], [UniteID], [ModeleID], [NbModele]) VALUES (255, 255, 63, 3)
INSERT [Unites].[ModeleDansUnite] ([ModeleDansUniteID], [UniteID], [ModeleID], [NbModele]) VALUES (256, 256, 100, 9)
INSERT [Unites].[ModeleDansUnite] ([ModeleDansUniteID], [UniteID], [ModeleID], [NbModele]) VALUES (257, 257, 42, 17)
INSERT [Unites].[ModeleDansUnite] ([ModeleDansUniteID], [UniteID], [ModeleID], [NbModele]) VALUES (258, 258, 13, 5)
INSERT [Unites].[ModeleDansUnite] ([ModeleDansUniteID], [UniteID], [ModeleID], [NbModele]) VALUES (259, 259, 59, 13)
INSERT [Unites].[ModeleDansUnite] ([ModeleDansUniteID], [UniteID], [ModeleID], [NbModele]) VALUES (260, 260, 56, 18)
INSERT [Unites].[ModeleDansUnite] ([ModeleDansUniteID], [UniteID], [ModeleID], [NbModele]) VALUES (261, 261, 3, 19)
INSERT [Unites].[ModeleDansUnite] ([ModeleDansUniteID], [UniteID], [ModeleID], [NbModele]) VALUES (262, 262, 78, 13)
INSERT [Unites].[ModeleDansUnite] ([ModeleDansUniteID], [UniteID], [ModeleID], [NbModele]) VALUES (263, 263, 41, 19)
INSERT [Unites].[ModeleDansUnite] ([ModeleDansUniteID], [UniteID], [ModeleID], [NbModele]) VALUES (264, 264, 90, 20)
INSERT [Unites].[ModeleDansUnite] ([ModeleDansUniteID], [UniteID], [ModeleID], [NbModele]) VALUES (265, 265, 84, 1)
INSERT [Unites].[ModeleDansUnite] ([ModeleDansUniteID], [UniteID], [ModeleID], [NbModele]) VALUES (266, 266, 91, 18)
INSERT [Unites].[ModeleDansUnite] ([ModeleDansUniteID], [UniteID], [ModeleID], [NbModele]) VALUES (267, 267, 78, 15)
INSERT [Unites].[ModeleDansUnite] ([ModeleDansUniteID], [UniteID], [ModeleID], [NbModele]) VALUES (268, 268, 24, 5)
INSERT [Unites].[ModeleDansUnite] ([ModeleDansUniteID], [UniteID], [ModeleID], [NbModele]) VALUES (269, 269, 67, 8)
INSERT [Unites].[ModeleDansUnite] ([ModeleDansUniteID], [UniteID], [ModeleID], [NbModele]) VALUES (270, 270, 95, 1)
INSERT [Unites].[ModeleDansUnite] ([ModeleDansUniteID], [UniteID], [ModeleID], [NbModele]) VALUES (271, 271, 32, 6)
INSERT [Unites].[ModeleDansUnite] ([ModeleDansUniteID], [UniteID], [ModeleID], [NbModele]) VALUES (272, 272, 81, 12)
INSERT [Unites].[ModeleDansUnite] ([ModeleDansUniteID], [UniteID], [ModeleID], [NbModele]) VALUES (273, 273, 10, 10)
INSERT [Unites].[ModeleDansUnite] ([ModeleDansUniteID], [UniteID], [ModeleID], [NbModele]) VALUES (274, 274, 59, 19)
INSERT [Unites].[ModeleDansUnite] ([ModeleDansUniteID], [UniteID], [ModeleID], [NbModele]) VALUES (275, 275, 67, 16)
INSERT [Unites].[ModeleDansUnite] ([ModeleDansUniteID], [UniteID], [ModeleID], [NbModele]) VALUES (276, 276, 100, 20)
INSERT [Unites].[ModeleDansUnite] ([ModeleDansUniteID], [UniteID], [ModeleID], [NbModele]) VALUES (277, 277, 61, 19)
INSERT [Unites].[ModeleDansUnite] ([ModeleDansUniteID], [UniteID], [ModeleID], [NbModele]) VALUES (278, 278, 59, 10)
INSERT [Unites].[ModeleDansUnite] ([ModeleDansUniteID], [UniteID], [ModeleID], [NbModele]) VALUES (279, 279, 82, 13)
INSERT [Unites].[ModeleDansUnite] ([ModeleDansUniteID], [UniteID], [ModeleID], [NbModele]) VALUES (280, 205, 31, 2)
INSERT [Unites].[ModeleDansUnite] ([ModeleDansUniteID], [UniteID], [ModeleID], [NbModele]) VALUES (281, 83, 71, 2)
INSERT [Unites].[ModeleDansUnite] ([ModeleDansUniteID], [UniteID], [ModeleID], [NbModele]) VALUES (282, 84, 2, 2)
INSERT [Unites].[ModeleDansUnite] ([ModeleDansUniteID], [UniteID], [ModeleID], [NbModele]) VALUES (283, 146, 57, 1)
INSERT [Unites].[ModeleDansUnite] ([ModeleDansUniteID], [UniteID], [ModeleID], [NbModele]) VALUES (284, 249, 8, 1)
INSERT [Unites].[ModeleDansUnite] ([ModeleDansUniteID], [UniteID], [ModeleID], [NbModele]) VALUES (285, 108, 96, 1)
INSERT [Unites].[ModeleDansUnite] ([ModeleDansUniteID], [UniteID], [ModeleID], [NbModele]) VALUES (286, 114, 24, 2)
INSERT [Unites].[ModeleDansUnite] ([ModeleDansUniteID], [UniteID], [ModeleID], [NbModele]) VALUES (287, 244, 11, 2)
INSERT [Unites].[ModeleDansUnite] ([ModeleDansUniteID], [UniteID], [ModeleID], [NbModele]) VALUES (288, 2, 56, 2)
INSERT [Unites].[ModeleDansUnite] ([ModeleDansUniteID], [UniteID], [ModeleID], [NbModele]) VALUES (289, 120, 98, 1)
INSERT [Unites].[ModeleDansUnite] ([ModeleDansUniteID], [UniteID], [ModeleID], [NbModele]) VALUES (290, 141, 28, 1)
INSERT [Unites].[ModeleDansUnite] ([ModeleDansUniteID], [UniteID], [ModeleID], [NbModele]) VALUES (291, 241, 3, 1)
INSERT [Unites].[ModeleDansUnite] ([ModeleDansUniteID], [UniteID], [ModeleID], [NbModele]) VALUES (292, 40, 55, 1)
INSERT [Unites].[ModeleDansUnite] ([ModeleDansUniteID], [UniteID], [ModeleID], [NbModele]) VALUES (293, 201, 35, 1)
INSERT [Unites].[ModeleDansUnite] ([ModeleDansUniteID], [UniteID], [ModeleID], [NbModele]) VALUES (294, 124, 43, 2)
INSERT [Unites].[ModeleDansUnite] ([ModeleDansUniteID], [UniteID], [ModeleID], [NbModele]) VALUES (295, 277, 47, 2)
INSERT [Unites].[ModeleDansUnite] ([ModeleDansUniteID], [UniteID], [ModeleID], [NbModele]) VALUES (296, 182, 87, 1)
INSERT [Unites].[ModeleDansUnite] ([ModeleDansUniteID], [UniteID], [ModeleID], [NbModele]) VALUES (297, 187, 10, 2)
INSERT [Unites].[ModeleDansUnite] ([ModeleDansUniteID], [UniteID], [ModeleID], [NbModele]) VALUES (298, 251, 9, 2)
INSERT [Unites].[ModeleDansUnite] ([ModeleDansUniteID], [UniteID], [ModeleID], [NbModele]) VALUES (299, 270, 54, 2)
GO
INSERT [Unites].[ModeleDansUnite] ([ModeleDansUniteID], [UniteID], [ModeleID], [NbModele]) VALUES (300, 136, 64, 2)
INSERT [Unites].[ModeleDansUnite] ([ModeleDansUniteID], [UniteID], [ModeleID], [NbModele]) VALUES (301, 37, 10, 1)
INSERT [Unites].[ModeleDansUnite] ([ModeleDansUniteID], [UniteID], [ModeleID], [NbModele]) VALUES (302, 272, 3, 1)
INSERT [Unites].[ModeleDansUnite] ([ModeleDansUniteID], [UniteID], [ModeleID], [NbModele]) VALUES (303, 213, 76, 2)
INSERT [Unites].[ModeleDansUnite] ([ModeleDansUniteID], [UniteID], [ModeleID], [NbModele]) VALUES (304, 217, 95, 2)
INSERT [Unites].[ModeleDansUnite] ([ModeleDansUniteID], [UniteID], [ModeleID], [NbModele]) VALUES (305, 46, 15, 1)
INSERT [Unites].[ModeleDansUnite] ([ModeleDansUniteID], [UniteID], [ModeleID], [NbModele]) VALUES (306, 45, 63, 1)
INSERT [Unites].[ModeleDansUnite] ([ModeleDansUniteID], [UniteID], [ModeleID], [NbModele]) VALUES (307, 5, 83, 1)
INSERT [Unites].[ModeleDansUnite] ([ModeleDansUniteID], [UniteID], [ModeleID], [NbModele]) VALUES (308, 68, 32, 1)
INSERT [Unites].[ModeleDansUnite] ([ModeleDansUniteID], [UniteID], [ModeleID], [NbModele]) VALUES (309, 248, 37, 2)
INSERT [Unites].[ModeleDansUnite] ([ModeleDansUniteID], [UniteID], [ModeleID], [NbModele]) VALUES (310, 12, 11, 1)
INSERT [Unites].[ModeleDansUnite] ([ModeleDansUniteID], [UniteID], [ModeleID], [NbModele]) VALUES (311, 27, 16, 1)
INSERT [Unites].[ModeleDansUnite] ([ModeleDansUniteID], [UniteID], [ModeleID], [NbModele]) VALUES (312, 81, 51, 2)
INSERT [Unites].[ModeleDansUnite] ([ModeleDansUniteID], [UniteID], [ModeleID], [NbModele]) VALUES (313, 139, 51, 2)
INSERT [Unites].[ModeleDansUnite] ([ModeleDansUniteID], [UniteID], [ModeleID], [NbModele]) VALUES (314, 34, 36, 1)
INSERT [Unites].[ModeleDansUnite] ([ModeleDansUniteID], [UniteID], [ModeleID], [NbModele]) VALUES (315, 167, 38, 1)
INSERT [Unites].[ModeleDansUnite] ([ModeleDansUniteID], [UniteID], [ModeleID], [NbModele]) VALUES (316, 106, 89, 1)
INSERT [Unites].[ModeleDansUnite] ([ModeleDansUniteID], [UniteID], [ModeleID], [NbModele]) VALUES (317, 102, 51, 2)
INSERT [Unites].[ModeleDansUnite] ([ModeleDansUniteID], [UniteID], [ModeleID], [NbModele]) VALUES (318, 46, 58, 1)
INSERT [Unites].[ModeleDansUnite] ([ModeleDansUniteID], [UniteID], [ModeleID], [NbModele]) VALUES (319, 207, 95, 2)
INSERT [Unites].[ModeleDansUnite] ([ModeleDansUniteID], [UniteID], [ModeleID], [NbModele]) VALUES (320, 127, 42, 2)
INSERT [Unites].[ModeleDansUnite] ([ModeleDansUniteID], [UniteID], [ModeleID], [NbModele]) VALUES (321, 110, 14, 2)
INSERT [Unites].[ModeleDansUnite] ([ModeleDansUniteID], [UniteID], [ModeleID], [NbModele]) VALUES (322, 209, 57, 2)
INSERT [Unites].[ModeleDansUnite] ([ModeleDansUniteID], [UniteID], [ModeleID], [NbModele]) VALUES (323, 114, 57, 1)
INSERT [Unites].[ModeleDansUnite] ([ModeleDansUniteID], [UniteID], [ModeleID], [NbModele]) VALUES (324, 127, 57, 2)
INSERT [Unites].[ModeleDansUnite] ([ModeleDansUniteID], [UniteID], [ModeleID], [NbModele]) VALUES (325, 274, 7, 2)
INSERT [Unites].[ModeleDansUnite] ([ModeleDansUniteID], [UniteID], [ModeleID], [NbModele]) VALUES (326, 52, 97, 2)
INSERT [Unites].[ModeleDansUnite] ([ModeleDansUniteID], [UniteID], [ModeleID], [NbModele]) VALUES (327, 142, 42, 1)
INSERT [Unites].[ModeleDansUnite] ([ModeleDansUniteID], [UniteID], [ModeleID], [NbModele]) VALUES (328, 45, 31, 2)
INSERT [Unites].[ModeleDansUnite] ([ModeleDansUniteID], [UniteID], [ModeleID], [NbModele]) VALUES (329, 210, 67, 1)
INSERT [Unites].[ModeleDansUnite] ([ModeleDansUniteID], [UniteID], [ModeleID], [NbModele]) VALUES (330, 18, 56, 1)
INSERT [Unites].[ModeleDansUnite] ([ModeleDansUniteID], [UniteID], [ModeleID], [NbModele]) VALUES (331, 176, 21, 2)
INSERT [Unites].[ModeleDansUnite] ([ModeleDansUniteID], [UniteID], [ModeleID], [NbModele]) VALUES (332, 230, 85, 1)
INSERT [Unites].[ModeleDansUnite] ([ModeleDansUniteID], [UniteID], [ModeleID], [NbModele]) VALUES (333, 43, 100, 1)
INSERT [Unites].[ModeleDansUnite] ([ModeleDansUniteID], [UniteID], [ModeleID], [NbModele]) VALUES (334, 237, 27, 1)
INSERT [Unites].[ModeleDansUnite] ([ModeleDansUniteID], [UniteID], [ModeleID], [NbModele]) VALUES (335, 26, 64, 2)
INSERT [Unites].[ModeleDansUnite] ([ModeleDansUniteID], [UniteID], [ModeleID], [NbModele]) VALUES (336, 134, 71, 2)
INSERT [Unites].[ModeleDansUnite] ([ModeleDansUniteID], [UniteID], [ModeleID], [NbModele]) VALUES (337, 228, 79, 1)
INSERT [Unites].[ModeleDansUnite] ([ModeleDansUniteID], [UniteID], [ModeleID], [NbModele]) VALUES (338, 205, 78, 1)
INSERT [Unites].[ModeleDansUnite] ([ModeleDansUniteID], [UniteID], [ModeleID], [NbModele]) VALUES (339, 180, 43, 2)
INSERT [Unites].[ModeleDansUnite] ([ModeleDansUniteID], [UniteID], [ModeleID], [NbModele]) VALUES (340, 66, 99, 2)
INSERT [Unites].[ModeleDansUnite] ([ModeleDansUniteID], [UniteID], [ModeleID], [NbModele]) VALUES (341, 156, 54, 1)
INSERT [Unites].[ModeleDansUnite] ([ModeleDansUniteID], [UniteID], [ModeleID], [NbModele]) VALUES (342, 107, 48, 2)
INSERT [Unites].[ModeleDansUnite] ([ModeleDansUniteID], [UniteID], [ModeleID], [NbModele]) VALUES (343, 87, 66, 2)
INSERT [Unites].[ModeleDansUnite] ([ModeleDansUniteID], [UniteID], [ModeleID], [NbModele]) VALUES (344, 216, 17, 2)
INSERT [Unites].[ModeleDansUnite] ([ModeleDansUniteID], [UniteID], [ModeleID], [NbModele]) VALUES (345, 53, 25, 1)
INSERT [Unites].[ModeleDansUnite] ([ModeleDansUniteID], [UniteID], [ModeleID], [NbModele]) VALUES (346, 236, 73, 2)
INSERT [Unites].[ModeleDansUnite] ([ModeleDansUniteID], [UniteID], [ModeleID], [NbModele]) VALUES (347, 84, 42, 1)
INSERT [Unites].[ModeleDansUnite] ([ModeleDansUniteID], [UniteID], [ModeleID], [NbModele]) VALUES (348, 246, 68, 1)
INSERT [Unites].[ModeleDansUnite] ([ModeleDansUniteID], [UniteID], [ModeleID], [NbModele]) VALUES (349, 249, 17, 1)
INSERT [Unites].[ModeleDansUnite] ([ModeleDansUniteID], [UniteID], [ModeleID], [NbModele]) VALUES (350, 103, 85, 2)
INSERT [Unites].[ModeleDansUnite] ([ModeleDansUniteID], [UniteID], [ModeleID], [NbModele]) VALUES (351, 268, 47, 1)
INSERT [Unites].[ModeleDansUnite] ([ModeleDansUniteID], [UniteID], [ModeleID], [NbModele]) VALUES (352, 22, 29, 2)
INSERT [Unites].[ModeleDansUnite] ([ModeleDansUniteID], [UniteID], [ModeleID], [NbModele]) VALUES (353, 210, 14, 2)
INSERT [Unites].[ModeleDansUnite] ([ModeleDansUniteID], [UniteID], [ModeleID], [NbModele]) VALUES (354, 113, 43, 2)
INSERT [Unites].[ModeleDansUnite] ([ModeleDansUniteID], [UniteID], [ModeleID], [NbModele]) VALUES (355, 189, 21, 1)
INSERT [Unites].[ModeleDansUnite] ([ModeleDansUniteID], [UniteID], [ModeleID], [NbModele]) VALUES (356, 119, 44, 1)
INSERT [Unites].[ModeleDansUnite] ([ModeleDansUniteID], [UniteID], [ModeleID], [NbModele]) VALUES (357, 25, 32, 1)
INSERT [Unites].[ModeleDansUnite] ([ModeleDansUniteID], [UniteID], [ModeleID], [NbModele]) VALUES (358, 148, 27, 2)
INSERT [Unites].[ModeleDansUnite] ([ModeleDansUniteID], [UniteID], [ModeleID], [NbModele]) VALUES (359, 277, 10, 1)
INSERT [Unites].[ModeleDansUnite] ([ModeleDansUniteID], [UniteID], [ModeleID], [NbModele]) VALUES (360, 112, 50, 2)
INSERT [Unites].[ModeleDansUnite] ([ModeleDansUniteID], [UniteID], [ModeleID], [NbModele]) VALUES (361, 202, 94, 1)
INSERT [Unites].[ModeleDansUnite] ([ModeleDansUniteID], [UniteID], [ModeleID], [NbModele]) VALUES (362, 118, 10, 2)
INSERT [Unites].[ModeleDansUnite] ([ModeleDansUniteID], [UniteID], [ModeleID], [NbModele]) VALUES (363, 109, 67, 2)
INSERT [Unites].[ModeleDansUnite] ([ModeleDansUniteID], [UniteID], [ModeleID], [NbModele]) VALUES (364, 206, 85, 2)
INSERT [Unites].[ModeleDansUnite] ([ModeleDansUniteID], [UniteID], [ModeleID], [NbModele]) VALUES (365, 118, 88, 1)
INSERT [Unites].[ModeleDansUnite] ([ModeleDansUniteID], [UniteID], [ModeleID], [NbModele]) VALUES (366, 11, 12, 2)
INSERT [Unites].[ModeleDansUnite] ([ModeleDansUniteID], [UniteID], [ModeleID], [NbModele]) VALUES (367, 208, 61, 2)
INSERT [Unites].[ModeleDansUnite] ([ModeleDansUniteID], [UniteID], [ModeleID], [NbModele]) VALUES (368, 164, 33, 1)
INSERT [Unites].[ModeleDansUnite] ([ModeleDansUniteID], [UniteID], [ModeleID], [NbModele]) VALUES (369, 148, 16, 1)
INSERT [Unites].[ModeleDansUnite] ([ModeleDansUniteID], [UniteID], [ModeleID], [NbModele]) VALUES (370, 78, 9, 1)
INSERT [Unites].[ModeleDansUnite] ([ModeleDansUniteID], [UniteID], [ModeleID], [NbModele]) VALUES (371, 87, 20, 2)
INSERT [Unites].[ModeleDansUnite] ([ModeleDansUniteID], [UniteID], [ModeleID], [NbModele]) VALUES (372, 67, 8, 1)
INSERT [Unites].[ModeleDansUnite] ([ModeleDansUniteID], [UniteID], [ModeleID], [NbModele]) VALUES (373, 127, 14, 1)
INSERT [Unites].[ModeleDansUnite] ([ModeleDansUniteID], [UniteID], [ModeleID], [NbModele]) VALUES (374, 100, 21, 2)
INSERT [Unites].[ModeleDansUnite] ([ModeleDansUniteID], [UniteID], [ModeleID], [NbModele]) VALUES (375, 185, 73, 2)
INSERT [Unites].[ModeleDansUnite] ([ModeleDansUniteID], [UniteID], [ModeleID], [NbModele]) VALUES (376, 119, 41, 1)
INSERT [Unites].[ModeleDansUnite] ([ModeleDansUniteID], [UniteID], [ModeleID], [NbModele]) VALUES (377, 225, 79, 1)
INSERT [Unites].[ModeleDansUnite] ([ModeleDansUniteID], [UniteID], [ModeleID], [NbModele]) VALUES (378, 136, 93, 1)
INSERT [Unites].[ModeleDansUnite] ([ModeleDansUniteID], [UniteID], [ModeleID], [NbModele]) VALUES (379, 126, 61, 2)
SET IDENTITY_INSERT [Unites].[ModeleDansUnite] OFF
GO
SET IDENTITY_INSERT [Abilites].[Abilite] ON 

INSERT [Abilites].[Abilite] ([AbiliteID], [Nom], [Description]) VALUES (1, N'Deadly Precision', N'This unit can reroll wound rolls of one')
INSERT [Abilites].[Abilite] ([AbiliteID], [Nom], [Description]) VALUES (2, N'Frenzied Assault', N'This unit gains plus one Attack')
INSERT [Abilites].[Abilite] ([AbiliteID], [Nom], [Description]) VALUES (3, N'Armored Resilience', N'This unit has a five invulnerable save')
INSERT [Abilites].[Abilite] ([AbiliteID], [Nom], [Description]) VALUES (4, N'Savage Tenacity', N'This unit ignores wounds on a roll of six')
INSERT [Abilites].[Abilite] ([AbiliteID], [Nom], [Description]) VALUES (5, N'Unstoppable Assault', N'This unit can reroll failed charge rolls')
INSERT [Abilites].[Abilite] ([AbiliteID], [Nom], [Description]) VALUES (6, N'Ruthless Onslaught', N'This unit can reroll charge rolls')
SET IDENTITY_INSERT [Abilites].[Abilite] OFF
GO
SET IDENTITY_INSERT [Unites].[AbiliteDUnite] ON 

INSERT [Unites].[AbiliteDUnite] ([AbiliteDUniteID], [AbiliteID], [UniteID]) VALUES (1, 2, 222)
INSERT [Unites].[AbiliteDUnite] ([AbiliteDUniteID], [AbiliteID], [UniteID]) VALUES (2, 2, 88)
INSERT [Unites].[AbiliteDUnite] ([AbiliteDUniteID], [AbiliteID], [UniteID]) VALUES (3, 1, 105)
INSERT [Unites].[AbiliteDUnite] ([AbiliteDUniteID], [AbiliteID], [UniteID]) VALUES (4, 5, 203)
INSERT [Unites].[AbiliteDUnite] ([AbiliteDUniteID], [AbiliteID], [UniteID]) VALUES (5, 3, 276)
INSERT [Unites].[AbiliteDUnite] ([AbiliteDUniteID], [AbiliteID], [UniteID]) VALUES (6, 5, 37)
INSERT [Unites].[AbiliteDUnite] ([AbiliteDUniteID], [AbiliteID], [UniteID]) VALUES (7, 3, 145)
INSERT [Unites].[AbiliteDUnite] ([AbiliteDUniteID], [AbiliteID], [UniteID]) VALUES (8, 3, 269)
INSERT [Unites].[AbiliteDUnite] ([AbiliteDUniteID], [AbiliteID], [UniteID]) VALUES (9, 3, 9)
INSERT [Unites].[AbiliteDUnite] ([AbiliteDUniteID], [AbiliteID], [UniteID]) VALUES (10, 4, 100)
INSERT [Unites].[AbiliteDUnite] ([AbiliteDUniteID], [AbiliteID], [UniteID]) VALUES (11, 6, 58)
INSERT [Unites].[AbiliteDUnite] ([AbiliteDUniteID], [AbiliteID], [UniteID]) VALUES (12, 4, 92)
INSERT [Unites].[AbiliteDUnite] ([AbiliteDUniteID], [AbiliteID], [UniteID]) VALUES (13, 2, 116)
INSERT [Unites].[AbiliteDUnite] ([AbiliteDUniteID], [AbiliteID], [UniteID]) VALUES (14, 4, 46)
INSERT [Unites].[AbiliteDUnite] ([AbiliteDUniteID], [AbiliteID], [UniteID]) VALUES (15, 1, 149)
INSERT [Unites].[AbiliteDUnite] ([AbiliteDUniteID], [AbiliteID], [UniteID]) VALUES (16, 3, 30)
INSERT [Unites].[AbiliteDUnite] ([AbiliteDUniteID], [AbiliteID], [UniteID]) VALUES (17, 3, 49)
INSERT [Unites].[AbiliteDUnite] ([AbiliteDUniteID], [AbiliteID], [UniteID]) VALUES (18, 2, 192)
INSERT [Unites].[AbiliteDUnite] ([AbiliteDUniteID], [AbiliteID], [UniteID]) VALUES (19, 4, 15)
INSERT [Unites].[AbiliteDUnite] ([AbiliteDUniteID], [AbiliteID], [UniteID]) VALUES (20, 5, 47)
INSERT [Unites].[AbiliteDUnite] ([AbiliteDUniteID], [AbiliteID], [UniteID]) VALUES (21, 1, 136)
INSERT [Unites].[AbiliteDUnite] ([AbiliteDUniteID], [AbiliteID], [UniteID]) VALUES (22, 5, 16)
INSERT [Unites].[AbiliteDUnite] ([AbiliteDUniteID], [AbiliteID], [UniteID]) VALUES (23, 3, 47)
INSERT [Unites].[AbiliteDUnite] ([AbiliteDUniteID], [AbiliteID], [UniteID]) VALUES (24, 4, 193)
INSERT [Unites].[AbiliteDUnite] ([AbiliteDUniteID], [AbiliteID], [UniteID]) VALUES (25, 6, 132)
INSERT [Unites].[AbiliteDUnite] ([AbiliteDUniteID], [AbiliteID], [UniteID]) VALUES (26, 2, 224)
INSERT [Unites].[AbiliteDUnite] ([AbiliteDUniteID], [AbiliteID], [UniteID]) VALUES (27, 4, 107)
INSERT [Unites].[AbiliteDUnite] ([AbiliteDUniteID], [AbiliteID], [UniteID]) VALUES (28, 4, 274)
INSERT [Unites].[AbiliteDUnite] ([AbiliteDUniteID], [AbiliteID], [UniteID]) VALUES (29, 5, 248)
INSERT [Unites].[AbiliteDUnite] ([AbiliteDUniteID], [AbiliteID], [UniteID]) VALUES (30, 2, 173)
INSERT [Unites].[AbiliteDUnite] ([AbiliteDUniteID], [AbiliteID], [UniteID]) VALUES (31, 1, 24)
INSERT [Unites].[AbiliteDUnite] ([AbiliteDUniteID], [AbiliteID], [UniteID]) VALUES (32, 1, 167)
INSERT [Unites].[AbiliteDUnite] ([AbiliteDUniteID], [AbiliteID], [UniteID]) VALUES (33, 1, 20)
INSERT [Unites].[AbiliteDUnite] ([AbiliteDUniteID], [AbiliteID], [UniteID]) VALUES (34, 5, 229)
INSERT [Unites].[AbiliteDUnite] ([AbiliteDUniteID], [AbiliteID], [UniteID]) VALUES (35, 2, 66)
INSERT [Unites].[AbiliteDUnite] ([AbiliteDUniteID], [AbiliteID], [UniteID]) VALUES (36, 1, 279)
INSERT [Unites].[AbiliteDUnite] ([AbiliteDUniteID], [AbiliteID], [UniteID]) VALUES (37, 4, 31)
INSERT [Unites].[AbiliteDUnite] ([AbiliteDUniteID], [AbiliteID], [UniteID]) VALUES (38, 2, 208)
INSERT [Unites].[AbiliteDUnite] ([AbiliteDUniteID], [AbiliteID], [UniteID]) VALUES (39, 5, 220)
INSERT [Unites].[AbiliteDUnite] ([AbiliteDUniteID], [AbiliteID], [UniteID]) VALUES (40, 4, 187)
INSERT [Unites].[AbiliteDUnite] ([AbiliteDUniteID], [AbiliteID], [UniteID]) VALUES (41, 5, 82)
INSERT [Unites].[AbiliteDUnite] ([AbiliteDUniteID], [AbiliteID], [UniteID]) VALUES (42, 2, 274)
INSERT [Unites].[AbiliteDUnite] ([AbiliteDUniteID], [AbiliteID], [UniteID]) VALUES (43, 2, 175)
INSERT [Unites].[AbiliteDUnite] ([AbiliteDUniteID], [AbiliteID], [UniteID]) VALUES (44, 3, 7)
INSERT [Unites].[AbiliteDUnite] ([AbiliteDUniteID], [AbiliteID], [UniteID]) VALUES (45, 2, 41)
INSERT [Unites].[AbiliteDUnite] ([AbiliteDUniteID], [AbiliteID], [UniteID]) VALUES (46, 4, 97)
INSERT [Unites].[AbiliteDUnite] ([AbiliteDUniteID], [AbiliteID], [UniteID]) VALUES (47, 6, 143)
INSERT [Unites].[AbiliteDUnite] ([AbiliteDUniteID], [AbiliteID], [UniteID]) VALUES (48, 3, 186)
INSERT [Unites].[AbiliteDUnite] ([AbiliteDUniteID], [AbiliteID], [UniteID]) VALUES (49, 2, 26)
INSERT [Unites].[AbiliteDUnite] ([AbiliteDUniteID], [AbiliteID], [UniteID]) VALUES (50, 5, 151)
INSERT [Unites].[AbiliteDUnite] ([AbiliteDUniteID], [AbiliteID], [UniteID]) VALUES (51, 2, 209)
INSERT [Unites].[AbiliteDUnite] ([AbiliteDUniteID], [AbiliteID], [UniteID]) VALUES (52, 2, 212)
INSERT [Unites].[AbiliteDUnite] ([AbiliteDUniteID], [AbiliteID], [UniteID]) VALUES (53, 1, 195)
INSERT [Unites].[AbiliteDUnite] ([AbiliteDUniteID], [AbiliteID], [UniteID]) VALUES (54, 4, 196)
INSERT [Unites].[AbiliteDUnite] ([AbiliteDUniteID], [AbiliteID], [UniteID]) VALUES (55, 5, 116)
INSERT [Unites].[AbiliteDUnite] ([AbiliteDUniteID], [AbiliteID], [UniteID]) VALUES (56, 3, 28)
INSERT [Unites].[AbiliteDUnite] ([AbiliteDUniteID], [AbiliteID], [UniteID]) VALUES (57, 4, 178)
INSERT [Unites].[AbiliteDUnite] ([AbiliteDUniteID], [AbiliteID], [UniteID]) VALUES (58, 3, 10)
INSERT [Unites].[AbiliteDUnite] ([AbiliteDUniteID], [AbiliteID], [UniteID]) VALUES (59, 5, 123)
INSERT [Unites].[AbiliteDUnite] ([AbiliteDUniteID], [AbiliteID], [UniteID]) VALUES (60, 1, 127)
INSERT [Unites].[AbiliteDUnite] ([AbiliteDUniteID], [AbiliteID], [UniteID]) VALUES (61, 5, 208)
INSERT [Unites].[AbiliteDUnite] ([AbiliteDUniteID], [AbiliteID], [UniteID]) VALUES (62, 4, 160)
INSERT [Unites].[AbiliteDUnite] ([AbiliteDUniteID], [AbiliteID], [UniteID]) VALUES (63, 6, 238)
INSERT [Unites].[AbiliteDUnite] ([AbiliteDUniteID], [AbiliteID], [UniteID]) VALUES (64, 3, 227)
INSERT [Unites].[AbiliteDUnite] ([AbiliteDUniteID], [AbiliteID], [UniteID]) VALUES (65, 1, 213)
INSERT [Unites].[AbiliteDUnite] ([AbiliteDUniteID], [AbiliteID], [UniteID]) VALUES (66, 5, 249)
INSERT [Unites].[AbiliteDUnite] ([AbiliteDUniteID], [AbiliteID], [UniteID]) VALUES (67, 2, 17)
INSERT [Unites].[AbiliteDUnite] ([AbiliteDUniteID], [AbiliteID], [UniteID]) VALUES (68, 4, 59)
INSERT [Unites].[AbiliteDUnite] ([AbiliteDUniteID], [AbiliteID], [UniteID]) VALUES (69, 2, 246)
INSERT [Unites].[AbiliteDUnite] ([AbiliteDUniteID], [AbiliteID], [UniteID]) VALUES (70, 2, 44)
INSERT [Unites].[AbiliteDUnite] ([AbiliteDUniteID], [AbiliteID], [UniteID]) VALUES (71, 3, 179)
INSERT [Unites].[AbiliteDUnite] ([AbiliteDUniteID], [AbiliteID], [UniteID]) VALUES (72, 2, 44)
INSERT [Unites].[AbiliteDUnite] ([AbiliteDUniteID], [AbiliteID], [UniteID]) VALUES (73, 4, 156)
INSERT [Unites].[AbiliteDUnite] ([AbiliteDUniteID], [AbiliteID], [UniteID]) VALUES (74, 1, 218)
INSERT [Unites].[AbiliteDUnite] ([AbiliteDUniteID], [AbiliteID], [UniteID]) VALUES (75, 3, 91)
INSERT [Unites].[AbiliteDUnite] ([AbiliteDUniteID], [AbiliteID], [UniteID]) VALUES (76, 5, 258)
INSERT [Unites].[AbiliteDUnite] ([AbiliteDUniteID], [AbiliteID], [UniteID]) VALUES (77, 3, 187)
INSERT [Unites].[AbiliteDUnite] ([AbiliteDUniteID], [AbiliteID], [UniteID]) VALUES (78, 1, 176)
INSERT [Unites].[AbiliteDUnite] ([AbiliteDUniteID], [AbiliteID], [UniteID]) VALUES (79, 1, 152)
INSERT [Unites].[AbiliteDUnite] ([AbiliteDUniteID], [AbiliteID], [UniteID]) VALUES (80, 5, 96)
INSERT [Unites].[AbiliteDUnite] ([AbiliteDUniteID], [AbiliteID], [UniteID]) VALUES (81, 3, 221)
INSERT [Unites].[AbiliteDUnite] ([AbiliteDUniteID], [AbiliteID], [UniteID]) VALUES (82, 2, 198)
INSERT [Unites].[AbiliteDUnite] ([AbiliteDUniteID], [AbiliteID], [UniteID]) VALUES (83, 6, 240)
INSERT [Unites].[AbiliteDUnite] ([AbiliteDUniteID], [AbiliteID], [UniteID]) VALUES (84, 4, 46)
INSERT [Unites].[AbiliteDUnite] ([AbiliteDUniteID], [AbiliteID], [UniteID]) VALUES (85, 1, 177)
INSERT [Unites].[AbiliteDUnite] ([AbiliteDUniteID], [AbiliteID], [UniteID]) VALUES (86, 2, 194)
INSERT [Unites].[AbiliteDUnite] ([AbiliteDUniteID], [AbiliteID], [UniteID]) VALUES (87, 3, 199)
INSERT [Unites].[AbiliteDUnite] ([AbiliteDUniteID], [AbiliteID], [UniteID]) VALUES (88, 6, 251)
INSERT [Unites].[AbiliteDUnite] ([AbiliteDUniteID], [AbiliteID], [UniteID]) VALUES (89, 6, 277)
INSERT [Unites].[AbiliteDUnite] ([AbiliteDUniteID], [AbiliteID], [UniteID]) VALUES (90, 3, 193)
INSERT [Unites].[AbiliteDUnite] ([AbiliteDUniteID], [AbiliteID], [UniteID]) VALUES (91, 2, 50)
INSERT [Unites].[AbiliteDUnite] ([AbiliteDUniteID], [AbiliteID], [UniteID]) VALUES (92, 5, 138)
INSERT [Unites].[AbiliteDUnite] ([AbiliteDUniteID], [AbiliteID], [UniteID]) VALUES (93, 1, 22)
INSERT [Unites].[AbiliteDUnite] ([AbiliteDUniteID], [AbiliteID], [UniteID]) VALUES (94, 5, 76)
INSERT [Unites].[AbiliteDUnite] ([AbiliteDUniteID], [AbiliteID], [UniteID]) VALUES (95, 5, 270)
INSERT [Unites].[AbiliteDUnite] ([AbiliteDUniteID], [AbiliteID], [UniteID]) VALUES (96, 3, 56)
INSERT [Unites].[AbiliteDUnite] ([AbiliteDUniteID], [AbiliteID], [UniteID]) VALUES (97, 6, 44)
INSERT [Unites].[AbiliteDUnite] ([AbiliteDUniteID], [AbiliteID], [UniteID]) VALUES (98, 4, 35)
INSERT [Unites].[AbiliteDUnite] ([AbiliteDUniteID], [AbiliteID], [UniteID]) VALUES (99, 5, 81)
GO
INSERT [Unites].[AbiliteDUnite] ([AbiliteDUniteID], [AbiliteID], [UniteID]) VALUES (100, 1, 218)
INSERT [Unites].[AbiliteDUnite] ([AbiliteDUniteID], [AbiliteID], [UniteID]) VALUES (101, 6, 70)
INSERT [Unites].[AbiliteDUnite] ([AbiliteDUniteID], [AbiliteID], [UniteID]) VALUES (102, 3, 236)
INSERT [Unites].[AbiliteDUnite] ([AbiliteDUniteID], [AbiliteID], [UniteID]) VALUES (103, 6, 169)
INSERT [Unites].[AbiliteDUnite] ([AbiliteDUniteID], [AbiliteID], [UniteID]) VALUES (104, 5, 207)
INSERT [Unites].[AbiliteDUnite] ([AbiliteDUniteID], [AbiliteID], [UniteID]) VALUES (105, 3, 120)
INSERT [Unites].[AbiliteDUnite] ([AbiliteDUniteID], [AbiliteID], [UniteID]) VALUES (106, 3, 168)
INSERT [Unites].[AbiliteDUnite] ([AbiliteDUniteID], [AbiliteID], [UniteID]) VALUES (107, 6, 87)
INSERT [Unites].[AbiliteDUnite] ([AbiliteDUniteID], [AbiliteID], [UniteID]) VALUES (108, 1, 124)
INSERT [Unites].[AbiliteDUnite] ([AbiliteDUniteID], [AbiliteID], [UniteID]) VALUES (109, 5, 255)
INSERT [Unites].[AbiliteDUnite] ([AbiliteDUniteID], [AbiliteID], [UniteID]) VALUES (110, 4, 91)
INSERT [Unites].[AbiliteDUnite] ([AbiliteDUniteID], [AbiliteID], [UniteID]) VALUES (111, 3, 39)
INSERT [Unites].[AbiliteDUnite] ([AbiliteDUniteID], [AbiliteID], [UniteID]) VALUES (112, 6, 136)
INSERT [Unites].[AbiliteDUnite] ([AbiliteDUniteID], [AbiliteID], [UniteID]) VALUES (113, 5, 224)
INSERT [Unites].[AbiliteDUnite] ([AbiliteDUniteID], [AbiliteID], [UniteID]) VALUES (114, 5, 50)
INSERT [Unites].[AbiliteDUnite] ([AbiliteDUniteID], [AbiliteID], [UniteID]) VALUES (115, 4, 170)
INSERT [Unites].[AbiliteDUnite] ([AbiliteDUniteID], [AbiliteID], [UniteID]) VALUES (116, 2, 120)
INSERT [Unites].[AbiliteDUnite] ([AbiliteDUniteID], [AbiliteID], [UniteID]) VALUES (117, 6, 115)
INSERT [Unites].[AbiliteDUnite] ([AbiliteDUniteID], [AbiliteID], [UniteID]) VALUES (118, 4, 275)
INSERT [Unites].[AbiliteDUnite] ([AbiliteDUniteID], [AbiliteID], [UniteID]) VALUES (119, 4, 279)
INSERT [Unites].[AbiliteDUnite] ([AbiliteDUniteID], [AbiliteID], [UniteID]) VALUES (120, 6, 205)
INSERT [Unites].[AbiliteDUnite] ([AbiliteDUniteID], [AbiliteID], [UniteID]) VALUES (121, 6, 279)
INSERT [Unites].[AbiliteDUnite] ([AbiliteDUniteID], [AbiliteID], [UniteID]) VALUES (122, 6, 109)
INSERT [Unites].[AbiliteDUnite] ([AbiliteDUniteID], [AbiliteID], [UniteID]) VALUES (123, 6, 152)
INSERT [Unites].[AbiliteDUnite] ([AbiliteDUniteID], [AbiliteID], [UniteID]) VALUES (124, 2, 192)
INSERT [Unites].[AbiliteDUnite] ([AbiliteDUniteID], [AbiliteID], [UniteID]) VALUES (125, 2, 32)
INSERT [Unites].[AbiliteDUnite] ([AbiliteDUniteID], [AbiliteID], [UniteID]) VALUES (126, 4, 184)
INSERT [Unites].[AbiliteDUnite] ([AbiliteDUniteID], [AbiliteID], [UniteID]) VALUES (127, 2, 148)
INSERT [Unites].[AbiliteDUnite] ([AbiliteDUniteID], [AbiliteID], [UniteID]) VALUES (128, 6, 76)
INSERT [Unites].[AbiliteDUnite] ([AbiliteDUniteID], [AbiliteID], [UniteID]) VALUES (129, 3, 245)
INSERT [Unites].[AbiliteDUnite] ([AbiliteDUniteID], [AbiliteID], [UniteID]) VALUES (130, 4, 198)
INSERT [Unites].[AbiliteDUnite] ([AbiliteDUniteID], [AbiliteID], [UniteID]) VALUES (131, 1, 183)
INSERT [Unites].[AbiliteDUnite] ([AbiliteDUniteID], [AbiliteID], [UniteID]) VALUES (132, 3, 69)
INSERT [Unites].[AbiliteDUnite] ([AbiliteDUniteID], [AbiliteID], [UniteID]) VALUES (133, 6, 134)
INSERT [Unites].[AbiliteDUnite] ([AbiliteDUniteID], [AbiliteID], [UniteID]) VALUES (134, 4, 35)
INSERT [Unites].[AbiliteDUnite] ([AbiliteDUniteID], [AbiliteID], [UniteID]) VALUES (135, 2, 237)
INSERT [Unites].[AbiliteDUnite] ([AbiliteDUniteID], [AbiliteID], [UniteID]) VALUES (136, 6, 257)
INSERT [Unites].[AbiliteDUnite] ([AbiliteDUniteID], [AbiliteID], [UniteID]) VALUES (137, 3, 228)
INSERT [Unites].[AbiliteDUnite] ([AbiliteDUniteID], [AbiliteID], [UniteID]) VALUES (138, 6, 162)
INSERT [Unites].[AbiliteDUnite] ([AbiliteDUniteID], [AbiliteID], [UniteID]) VALUES (139, 4, 33)
INSERT [Unites].[AbiliteDUnite] ([AbiliteDUniteID], [AbiliteID], [UniteID]) VALUES (140, 5, 267)
INSERT [Unites].[AbiliteDUnite] ([AbiliteDUniteID], [AbiliteID], [UniteID]) VALUES (141, 4, 16)
INSERT [Unites].[AbiliteDUnite] ([AbiliteDUniteID], [AbiliteID], [UniteID]) VALUES (142, 4, 252)
INSERT [Unites].[AbiliteDUnite] ([AbiliteDUniteID], [AbiliteID], [UniteID]) VALUES (143, 2, 140)
INSERT [Unites].[AbiliteDUnite] ([AbiliteDUniteID], [AbiliteID], [UniteID]) VALUES (144, 3, 78)
INSERT [Unites].[AbiliteDUnite] ([AbiliteDUniteID], [AbiliteID], [UniteID]) VALUES (145, 3, 183)
INSERT [Unites].[AbiliteDUnite] ([AbiliteDUniteID], [AbiliteID], [UniteID]) VALUES (146, 1, 192)
INSERT [Unites].[AbiliteDUnite] ([AbiliteDUniteID], [AbiliteID], [UniteID]) VALUES (147, 3, 230)
INSERT [Unites].[AbiliteDUnite] ([AbiliteDUniteID], [AbiliteID], [UniteID]) VALUES (148, 3, 249)
INSERT [Unites].[AbiliteDUnite] ([AbiliteDUniteID], [AbiliteID], [UniteID]) VALUES (149, 6, 18)
INSERT [Unites].[AbiliteDUnite] ([AbiliteDUniteID], [AbiliteID], [UniteID]) VALUES (150, 2, 119)
INSERT [Unites].[AbiliteDUnite] ([AbiliteDUniteID], [AbiliteID], [UniteID]) VALUES (151, 3, 265)
INSERT [Unites].[AbiliteDUnite] ([AbiliteDUniteID], [AbiliteID], [UniteID]) VALUES (152, 5, 65)
INSERT [Unites].[AbiliteDUnite] ([AbiliteDUniteID], [AbiliteID], [UniteID]) VALUES (153, 4, 137)
INSERT [Unites].[AbiliteDUnite] ([AbiliteDUniteID], [AbiliteID], [UniteID]) VALUES (154, 5, 66)
INSERT [Unites].[AbiliteDUnite] ([AbiliteDUniteID], [AbiliteID], [UniteID]) VALUES (155, 1, 49)
INSERT [Unites].[AbiliteDUnite] ([AbiliteDUniteID], [AbiliteID], [UniteID]) VALUES (156, 2, 80)
INSERT [Unites].[AbiliteDUnite] ([AbiliteDUniteID], [AbiliteID], [UniteID]) VALUES (157, 2, 14)
INSERT [Unites].[AbiliteDUnite] ([AbiliteDUniteID], [AbiliteID], [UniteID]) VALUES (158, 3, 240)
INSERT [Unites].[AbiliteDUnite] ([AbiliteDUniteID], [AbiliteID], [UniteID]) VALUES (159, 4, 165)
INSERT [Unites].[AbiliteDUnite] ([AbiliteDUniteID], [AbiliteID], [UniteID]) VALUES (160, 4, 172)
INSERT [Unites].[AbiliteDUnite] ([AbiliteDUniteID], [AbiliteID], [UniteID]) VALUES (161, 2, 169)
INSERT [Unites].[AbiliteDUnite] ([AbiliteDUniteID], [AbiliteID], [UniteID]) VALUES (162, 5, 246)
INSERT [Unites].[AbiliteDUnite] ([AbiliteDUniteID], [AbiliteID], [UniteID]) VALUES (163, 3, 46)
INSERT [Unites].[AbiliteDUnite] ([AbiliteDUniteID], [AbiliteID], [UniteID]) VALUES (164, 5, 73)
INSERT [Unites].[AbiliteDUnite] ([AbiliteDUniteID], [AbiliteID], [UniteID]) VALUES (165, 2, 243)
INSERT [Unites].[AbiliteDUnite] ([AbiliteDUniteID], [AbiliteID], [UniteID]) VALUES (166, 6, 241)
INSERT [Unites].[AbiliteDUnite] ([AbiliteDUniteID], [AbiliteID], [UniteID]) VALUES (167, 4, 126)
INSERT [Unites].[AbiliteDUnite] ([AbiliteDUniteID], [AbiliteID], [UniteID]) VALUES (168, 6, 267)
INSERT [Unites].[AbiliteDUnite] ([AbiliteDUniteID], [AbiliteID], [UniteID]) VALUES (169, 3, 260)
INSERT [Unites].[AbiliteDUnite] ([AbiliteDUniteID], [AbiliteID], [UniteID]) VALUES (170, 5, 251)
INSERT [Unites].[AbiliteDUnite] ([AbiliteDUniteID], [AbiliteID], [UniteID]) VALUES (171, 4, 216)
INSERT [Unites].[AbiliteDUnite] ([AbiliteDUniteID], [AbiliteID], [UniteID]) VALUES (172, 4, 82)
INSERT [Unites].[AbiliteDUnite] ([AbiliteDUniteID], [AbiliteID], [UniteID]) VALUES (173, 6, 2)
INSERT [Unites].[AbiliteDUnite] ([AbiliteDUniteID], [AbiliteID], [UniteID]) VALUES (174, 2, 51)
INSERT [Unites].[AbiliteDUnite] ([AbiliteDUniteID], [AbiliteID], [UniteID]) VALUES (175, 5, 145)
INSERT [Unites].[AbiliteDUnite] ([AbiliteDUniteID], [AbiliteID], [UniteID]) VALUES (176, 2, 206)
INSERT [Unites].[AbiliteDUnite] ([AbiliteDUniteID], [AbiliteID], [UniteID]) VALUES (177, 6, 254)
INSERT [Unites].[AbiliteDUnite] ([AbiliteDUniteID], [AbiliteID], [UniteID]) VALUES (178, 5, 253)
INSERT [Unites].[AbiliteDUnite] ([AbiliteDUniteID], [AbiliteID], [UniteID]) VALUES (179, 4, 174)
INSERT [Unites].[AbiliteDUnite] ([AbiliteDUniteID], [AbiliteID], [UniteID]) VALUES (180, 1, 186)
INSERT [Unites].[AbiliteDUnite] ([AbiliteDUniteID], [AbiliteID], [UniteID]) VALUES (181, 1, 83)
INSERT [Unites].[AbiliteDUnite] ([AbiliteDUniteID], [AbiliteID], [UniteID]) VALUES (182, 6, 71)
INSERT [Unites].[AbiliteDUnite] ([AbiliteDUniteID], [AbiliteID], [UniteID]) VALUES (183, 3, 6)
INSERT [Unites].[AbiliteDUnite] ([AbiliteDUniteID], [AbiliteID], [UniteID]) VALUES (184, 3, 163)
INSERT [Unites].[AbiliteDUnite] ([AbiliteDUniteID], [AbiliteID], [UniteID]) VALUES (185, 5, 95)
INSERT [Unites].[AbiliteDUnite] ([AbiliteDUniteID], [AbiliteID], [UniteID]) VALUES (186, 3, 124)
INSERT [Unites].[AbiliteDUnite] ([AbiliteDUniteID], [AbiliteID], [UniteID]) VALUES (187, 4, 5)
INSERT [Unites].[AbiliteDUnite] ([AbiliteDUniteID], [AbiliteID], [UniteID]) VALUES (188, 5, 50)
INSERT [Unites].[AbiliteDUnite] ([AbiliteDUniteID], [AbiliteID], [UniteID]) VALUES (189, 4, 44)
INSERT [Unites].[AbiliteDUnite] ([AbiliteDUniteID], [AbiliteID], [UniteID]) VALUES (190, 6, 134)
INSERT [Unites].[AbiliteDUnite] ([AbiliteDUniteID], [AbiliteID], [UniteID]) VALUES (191, 1, 52)
INSERT [Unites].[AbiliteDUnite] ([AbiliteDUniteID], [AbiliteID], [UniteID]) VALUES (192, 2, 213)
INSERT [Unites].[AbiliteDUnite] ([AbiliteDUniteID], [AbiliteID], [UniteID]) VALUES (193, 2, 47)
INSERT [Unites].[AbiliteDUnite] ([AbiliteDUniteID], [AbiliteID], [UniteID]) VALUES (194, 5, 171)
INSERT [Unites].[AbiliteDUnite] ([AbiliteDUniteID], [AbiliteID], [UniteID]) VALUES (195, 5, 264)
INSERT [Unites].[AbiliteDUnite] ([AbiliteDUniteID], [AbiliteID], [UniteID]) VALUES (196, 5, 70)
INSERT [Unites].[AbiliteDUnite] ([AbiliteDUniteID], [AbiliteID], [UniteID]) VALUES (197, 5, 121)
INSERT [Unites].[AbiliteDUnite] ([AbiliteDUniteID], [AbiliteID], [UniteID]) VALUES (198, 5, 211)
INSERT [Unites].[AbiliteDUnite] ([AbiliteDUniteID], [AbiliteID], [UniteID]) VALUES (199, 1, 149)
GO
INSERT [Unites].[AbiliteDUnite] ([AbiliteDUniteID], [AbiliteID], [UniteID]) VALUES (200, 2, 86)
INSERT [Unites].[AbiliteDUnite] ([AbiliteDUniteID], [AbiliteID], [UniteID]) VALUES (201, 2, 64)
INSERT [Unites].[AbiliteDUnite] ([AbiliteDUniteID], [AbiliteID], [UniteID]) VALUES (202, 1, 145)
INSERT [Unites].[AbiliteDUnite] ([AbiliteDUniteID], [AbiliteID], [UniteID]) VALUES (203, 5, 3)
INSERT [Unites].[AbiliteDUnite] ([AbiliteDUniteID], [AbiliteID], [UniteID]) VALUES (204, 3, 245)
INSERT [Unites].[AbiliteDUnite] ([AbiliteDUniteID], [AbiliteID], [UniteID]) VALUES (205, 6, 128)
INSERT [Unites].[AbiliteDUnite] ([AbiliteDUniteID], [AbiliteID], [UniteID]) VALUES (206, 5, 66)
INSERT [Unites].[AbiliteDUnite] ([AbiliteDUniteID], [AbiliteID], [UniteID]) VALUES (207, 1, 216)
INSERT [Unites].[AbiliteDUnite] ([AbiliteDUniteID], [AbiliteID], [UniteID]) VALUES (208, 3, 25)
INSERT [Unites].[AbiliteDUnite] ([AbiliteDUniteID], [AbiliteID], [UniteID]) VALUES (209, 3, 233)
INSERT [Unites].[AbiliteDUnite] ([AbiliteDUniteID], [AbiliteID], [UniteID]) VALUES (210, 2, 257)
INSERT [Unites].[AbiliteDUnite] ([AbiliteDUniteID], [AbiliteID], [UniteID]) VALUES (211, 2, 106)
INSERT [Unites].[AbiliteDUnite] ([AbiliteDUniteID], [AbiliteID], [UniteID]) VALUES (212, 5, 36)
INSERT [Unites].[AbiliteDUnite] ([AbiliteDUniteID], [AbiliteID], [UniteID]) VALUES (213, 4, 112)
INSERT [Unites].[AbiliteDUnite] ([AbiliteDUniteID], [AbiliteID], [UniteID]) VALUES (214, 6, 122)
INSERT [Unites].[AbiliteDUnite] ([AbiliteDUniteID], [AbiliteID], [UniteID]) VALUES (215, 6, 165)
INSERT [Unites].[AbiliteDUnite] ([AbiliteDUniteID], [AbiliteID], [UniteID]) VALUES (216, 6, 27)
INSERT [Unites].[AbiliteDUnite] ([AbiliteDUniteID], [AbiliteID], [UniteID]) VALUES (217, 4, 21)
INSERT [Unites].[AbiliteDUnite] ([AbiliteDUniteID], [AbiliteID], [UniteID]) VALUES (218, 3, 270)
INSERT [Unites].[AbiliteDUnite] ([AbiliteDUniteID], [AbiliteID], [UniteID]) VALUES (219, 6, 268)
INSERT [Unites].[AbiliteDUnite] ([AbiliteDUniteID], [AbiliteID], [UniteID]) VALUES (220, 5, 178)
INSERT [Unites].[AbiliteDUnite] ([AbiliteDUniteID], [AbiliteID], [UniteID]) VALUES (221, 5, 188)
INSERT [Unites].[AbiliteDUnite] ([AbiliteDUniteID], [AbiliteID], [UniteID]) VALUES (222, 6, 182)
INSERT [Unites].[AbiliteDUnite] ([AbiliteDUniteID], [AbiliteID], [UniteID]) VALUES (223, 2, 253)
INSERT [Unites].[AbiliteDUnite] ([AbiliteDUniteID], [AbiliteID], [UniteID]) VALUES (224, 6, 68)
INSERT [Unites].[AbiliteDUnite] ([AbiliteDUniteID], [AbiliteID], [UniteID]) VALUES (225, 3, 234)
INSERT [Unites].[AbiliteDUnite] ([AbiliteDUniteID], [AbiliteID], [UniteID]) VALUES (226, 5, 161)
INSERT [Unites].[AbiliteDUnite] ([AbiliteDUniteID], [AbiliteID], [UniteID]) VALUES (227, 5, 208)
INSERT [Unites].[AbiliteDUnite] ([AbiliteDUniteID], [AbiliteID], [UniteID]) VALUES (228, 5, 174)
INSERT [Unites].[AbiliteDUnite] ([AbiliteDUniteID], [AbiliteID], [UniteID]) VALUES (229, 3, 158)
INSERT [Unites].[AbiliteDUnite] ([AbiliteDUniteID], [AbiliteID], [UniteID]) VALUES (230, 2, 101)
INSERT [Unites].[AbiliteDUnite] ([AbiliteDUniteID], [AbiliteID], [UniteID]) VALUES (231, 1, 202)
INSERT [Unites].[AbiliteDUnite] ([AbiliteDUniteID], [AbiliteID], [UniteID]) VALUES (232, 3, 104)
INSERT [Unites].[AbiliteDUnite] ([AbiliteDUniteID], [AbiliteID], [UniteID]) VALUES (233, 3, 146)
INSERT [Unites].[AbiliteDUnite] ([AbiliteDUniteID], [AbiliteID], [UniteID]) VALUES (234, 3, 101)
INSERT [Unites].[AbiliteDUnite] ([AbiliteDUniteID], [AbiliteID], [UniteID]) VALUES (235, 6, 93)
INSERT [Unites].[AbiliteDUnite] ([AbiliteDUniteID], [AbiliteID], [UniteID]) VALUES (236, 6, 36)
INSERT [Unites].[AbiliteDUnite] ([AbiliteDUniteID], [AbiliteID], [UniteID]) VALUES (237, 2, 6)
INSERT [Unites].[AbiliteDUnite] ([AbiliteDUniteID], [AbiliteID], [UniteID]) VALUES (238, 2, 138)
INSERT [Unites].[AbiliteDUnite] ([AbiliteDUniteID], [AbiliteID], [UniteID]) VALUES (239, 3, 63)
INSERT [Unites].[AbiliteDUnite] ([AbiliteDUniteID], [AbiliteID], [UniteID]) VALUES (240, 6, 80)
INSERT [Unites].[AbiliteDUnite] ([AbiliteDUniteID], [AbiliteID], [UniteID]) VALUES (241, 6, 225)
INSERT [Unites].[AbiliteDUnite] ([AbiliteDUniteID], [AbiliteID], [UniteID]) VALUES (242, 4, 60)
INSERT [Unites].[AbiliteDUnite] ([AbiliteDUniteID], [AbiliteID], [UniteID]) VALUES (243, 6, 237)
INSERT [Unites].[AbiliteDUnite] ([AbiliteDUniteID], [AbiliteID], [UniteID]) VALUES (244, 1, 244)
INSERT [Unites].[AbiliteDUnite] ([AbiliteDUniteID], [AbiliteID], [UniteID]) VALUES (245, 4, 133)
INSERT [Unites].[AbiliteDUnite] ([AbiliteDUniteID], [AbiliteID], [UniteID]) VALUES (246, 1, 182)
INSERT [Unites].[AbiliteDUnite] ([AbiliteDUniteID], [AbiliteID], [UniteID]) VALUES (247, 6, 214)
INSERT [Unites].[AbiliteDUnite] ([AbiliteDUniteID], [AbiliteID], [UniteID]) VALUES (248, 6, 85)
INSERT [Unites].[AbiliteDUnite] ([AbiliteDUniteID], [AbiliteID], [UniteID]) VALUES (249, 3, 133)
INSERT [Unites].[AbiliteDUnite] ([AbiliteDUniteID], [AbiliteID], [UniteID]) VALUES (250, 2, 166)
INSERT [Unites].[AbiliteDUnite] ([AbiliteDUniteID], [AbiliteID], [UniteID]) VALUES (251, 5, 47)
INSERT [Unites].[AbiliteDUnite] ([AbiliteDUniteID], [AbiliteID], [UniteID]) VALUES (252, 3, 73)
INSERT [Unites].[AbiliteDUnite] ([AbiliteDUniteID], [AbiliteID], [UniteID]) VALUES (253, 5, 171)
INSERT [Unites].[AbiliteDUnite] ([AbiliteDUniteID], [AbiliteID], [UniteID]) VALUES (254, 2, 2)
INSERT [Unites].[AbiliteDUnite] ([AbiliteDUniteID], [AbiliteID], [UniteID]) VALUES (255, 5, 15)
INSERT [Unites].[AbiliteDUnite] ([AbiliteDUniteID], [AbiliteID], [UniteID]) VALUES (256, 4, 90)
INSERT [Unites].[AbiliteDUnite] ([AbiliteDUniteID], [AbiliteID], [UniteID]) VALUES (257, 2, 76)
INSERT [Unites].[AbiliteDUnite] ([AbiliteDUniteID], [AbiliteID], [UniteID]) VALUES (258, 3, 159)
INSERT [Unites].[AbiliteDUnite] ([AbiliteDUniteID], [AbiliteID], [UniteID]) VALUES (259, 1, 87)
INSERT [Unites].[AbiliteDUnite] ([AbiliteDUniteID], [AbiliteID], [UniteID]) VALUES (260, 2, 184)
INSERT [Unites].[AbiliteDUnite] ([AbiliteDUniteID], [AbiliteID], [UniteID]) VALUES (261, 4, 12)
INSERT [Unites].[AbiliteDUnite] ([AbiliteDUniteID], [AbiliteID], [UniteID]) VALUES (262, 5, 103)
INSERT [Unites].[AbiliteDUnite] ([AbiliteDUniteID], [AbiliteID], [UniteID]) VALUES (263, 3, 34)
INSERT [Unites].[AbiliteDUnite] ([AbiliteDUniteID], [AbiliteID], [UniteID]) VALUES (264, 3, 255)
INSERT [Unites].[AbiliteDUnite] ([AbiliteDUniteID], [AbiliteID], [UniteID]) VALUES (265, 2, 99)
INSERT [Unites].[AbiliteDUnite] ([AbiliteDUniteID], [AbiliteID], [UniteID]) VALUES (266, 3, 265)
INSERT [Unites].[AbiliteDUnite] ([AbiliteDUniteID], [AbiliteID], [UniteID]) VALUES (267, 2, 21)
INSERT [Unites].[AbiliteDUnite] ([AbiliteDUniteID], [AbiliteID], [UniteID]) VALUES (268, 2, 58)
INSERT [Unites].[AbiliteDUnite] ([AbiliteDUniteID], [AbiliteID], [UniteID]) VALUES (269, 5, 223)
INSERT [Unites].[AbiliteDUnite] ([AbiliteDUniteID], [AbiliteID], [UniteID]) VALUES (270, 2, 159)
INSERT [Unites].[AbiliteDUnite] ([AbiliteDUniteID], [AbiliteID], [UniteID]) VALUES (271, 2, 112)
INSERT [Unites].[AbiliteDUnite] ([AbiliteDUniteID], [AbiliteID], [UniteID]) VALUES (272, 2, 233)
INSERT [Unites].[AbiliteDUnite] ([AbiliteDUniteID], [AbiliteID], [UniteID]) VALUES (273, 5, 143)
INSERT [Unites].[AbiliteDUnite] ([AbiliteDUniteID], [AbiliteID], [UniteID]) VALUES (274, 6, 106)
INSERT [Unites].[AbiliteDUnite] ([AbiliteDUniteID], [AbiliteID], [UniteID]) VALUES (275, 3, 247)
INSERT [Unites].[AbiliteDUnite] ([AbiliteDUniteID], [AbiliteID], [UniteID]) VALUES (276, 2, 234)
INSERT [Unites].[AbiliteDUnite] ([AbiliteDUniteID], [AbiliteID], [UniteID]) VALUES (277, 3, 29)
INSERT [Unites].[AbiliteDUnite] ([AbiliteDUniteID], [AbiliteID], [UniteID]) VALUES (278, 1, 49)
INSERT [Unites].[AbiliteDUnite] ([AbiliteDUniteID], [AbiliteID], [UniteID]) VALUES (279, 4, 118)
SET IDENTITY_INSERT [Unites].[AbiliteDUnite] OFF
GO
SET IDENTITY_INSERT [Armes].[Arme] ON 

INSERT [Armes].[Arme] ([ArmeID], [Nom], [Attaques], [Force], [PenetrationDArmure], [Degats]) VALUES (1, N'Concussion Mortar', 1, 1, 6, 10)
INSERT [Armes].[Arme] ([ArmeID], [Nom], [Attaques], [Force], [PenetrationDArmure], [Degats]) VALUES (2, N'Plasma Pistol', 1, 2, 2, 6)
INSERT [Armes].[Arme] ([ArmeID], [Nom], [Attaques], [Force], [PenetrationDArmure], [Degats]) VALUES (3, N'Power Sword', 1, 2, 7, 6)
INSERT [Armes].[Arme] ([ArmeID], [Nom], [Attaques], [Force], [PenetrationDArmure], [Degats]) VALUES (4, N'Boltgun', 2, 8, 4, 5)
INSERT [Armes].[Arme] ([ArmeID], [Nom], [Attaques], [Force], [PenetrationDArmure], [Degats]) VALUES (5, N'Autocannon', 4, 9, 5, 7)
INSERT [Armes].[Arme] ([ArmeID], [Nom], [Attaques], [Force], [PenetrationDArmure], [Degats]) VALUES (6, N'Pulse Carbine', 2, 2, 4, 7)
INSERT [Armes].[Arme] ([ArmeID], [Nom], [Attaques], [Force], [PenetrationDArmure], [Degats]) VALUES (7, N'Web Spinner', 2, 3, 5, 10)
INSERT [Armes].[Arme] ([ArmeID], [Nom], [Attaques], [Force], [PenetrationDArmure], [Degats]) VALUES (8, N'Ripper Gun', 2, 2, 9, 5)
INSERT [Armes].[Arme] ([ArmeID], [Nom], [Attaques], [Force], [PenetrationDArmure], [Degats]) VALUES (9, N'Flamer', 1, 3, 3, 1)
INSERT [Armes].[Arme] ([ArmeID], [Nom], [Attaques], [Force], [PenetrationDArmure], [Degats]) VALUES (10, N'Twin-linked Assault Cannon', 1, 5, 5, 5)
INSERT [Armes].[Arme] ([ArmeID], [Nom], [Attaques], [Force], [PenetrationDArmure], [Degats]) VALUES (11, N'Neuro Gauntlet', 2, 3, 10, 1)
INSERT [Armes].[Arme] ([ArmeID], [Nom], [Attaques], [Force], [PenetrationDArmure], [Degats]) VALUES (12, N'Stinger Salvo', 4, 7, 2, 9)
INSERT [Armes].[Arme] ([ArmeID], [Nom], [Attaques], [Force], [PenetrationDArmure], [Degats]) VALUES (13, N'Plasma Gun', 5, 7, 10, 3)
INSERT [Armes].[Arme] ([ArmeID], [Nom], [Attaques], [Force], [PenetrationDArmure], [Degats]) VALUES (14, N'Thermal Cannon', 1, 9, 8, 2)
INSERT [Armes].[Arme] ([ArmeID], [Nom], [Attaques], [Force], [PenetrationDArmure], [Degats]) VALUES (15, N'Power Fist', 5, 1, 8, 9)
INSERT [Armes].[Arme] ([ArmeID], [Nom], [Attaques], [Force], [PenetrationDArmure], [Degats]) VALUES (16, N'Flamer', 1, 6, 4, 1)
INSERT [Armes].[Arme] ([ArmeID], [Nom], [Attaques], [Force], [PenetrationDArmure], [Degats]) VALUES (17, N'Krak Grenade', 1, 10, 5, 10)
INSERT [Armes].[Arme] ([ArmeID], [Nom], [Attaques], [Force], [PenetrationDArmure], [Degats]) VALUES (18, N'Sniper Rifle', 2, 2, 7, 2)
INSERT [Armes].[Arme] ([ArmeID], [Nom], [Attaques], [Force], [PenetrationDArmure], [Degats]) VALUES (19, N'Shock Lance', 5, 1, 8, 9)
INSERT [Armes].[Arme] ([ArmeID], [Nom], [Attaques], [Force], [PenetrationDArmure], [Degats]) VALUES (20, N'Plasma Cannon', 3, 5, 1, 10)
INSERT [Armes].[Arme] ([ArmeID], [Nom], [Attaques], [Force], [PenetrationDArmure], [Degats]) VALUES (21, N'Grav-gun', 2, 2, 4, 8)
INSERT [Armes].[Arme] ([ArmeID], [Nom], [Attaques], [Force], [PenetrationDArmure], [Degats]) VALUES (22, N'Haywire Cannon', 4, 6, 3, 10)
INSERT [Armes].[Arme] ([ArmeID], [Nom], [Attaques], [Force], [PenetrationDArmure], [Degats]) VALUES (23, N'Lightning Claw', 3, 2, 8, 8)
INSERT [Armes].[Arme] ([ArmeID], [Nom], [Attaques], [Force], [PenetrationDArmure], [Degats]) VALUES (24, N'Emperor''s Sword', 1, 7, 7, 3)
INSERT [Armes].[Arme] ([ArmeID], [Nom], [Attaques], [Force], [PenetrationDArmure], [Degats]) VALUES (25, N'Laspistol', 3, 3, 4, 1)
INSERT [Armes].[Arme] ([ArmeID], [Nom], [Attaques], [Force], [PenetrationDArmure], [Degats]) VALUES (26, N'Meltagun', 3, 6, 3, 1)
INSERT [Armes].[Arme] ([ArmeID], [Nom], [Attaques], [Force], [PenetrationDArmure], [Degats]) VALUES (27, N'Kheres Pattern Assault Cannon', 4, 1, 7, 5)
INSERT [Armes].[Arme] ([ArmeID], [Nom], [Attaques], [Force], [PenetrationDArmure], [Degats]) VALUES (28, N'Rending Claw', 2, 9, 9, 10)
INSERT [Armes].[Arme] ([ArmeID], [Nom], [Attaques], [Force], [PenetrationDArmure], [Degats]) VALUES (29, N'Photon Grenade', 1, 1, 8, 6)
INSERT [Armes].[Arme] ([ArmeID], [Nom], [Attaques], [Force], [PenetrationDArmure], [Degats]) VALUES (30, N'Galvanic Rifle', 5, 10, 9, 2)
INSERT [Armes].[Arme] ([ArmeID], [Nom], [Attaques], [Force], [PenetrationDArmure], [Degats]) VALUES (31, N'Plasma Gun', 5, 6, 4, 3)
INSERT [Armes].[Arme] ([ArmeID], [Nom], [Attaques], [Force], [PenetrationDArmure], [Degats]) VALUES (32, N'Chain Sword', 5, 6, 5, 10)
INSERT [Armes].[Arme] ([ArmeID], [Nom], [Attaques], [Force], [PenetrationDArmure], [Degats]) VALUES (33, N'Galvanic Rifle', 3, 6, 10, 1)
INSERT [Armes].[Arme] ([ArmeID], [Nom], [Attaques], [Force], [PenetrationDArmure], [Degats]) VALUES (34, N'Power Maul', 5, 7, 7, 3)
INSERT [Armes].[Arme] ([ArmeID], [Nom], [Attaques], [Force], [PenetrationDArmure], [Degats]) VALUES (35, N'Disintegration Compressor', 5, 7, 6, 8)
INSERT [Armes].[Arme] ([ArmeID], [Nom], [Attaques], [Force], [PenetrationDArmure], [Degats]) VALUES (36, N'Sniper Rifle', 5, 10, 6, 5)
INSERT [Armes].[Arme] ([ArmeID], [Nom], [Attaques], [Force], [PenetrationDArmure], [Degats]) VALUES (37, N'Flamer', 4, 9, 3, 1)
INSERT [Armes].[Arme] ([ArmeID], [Nom], [Attaques], [Force], [PenetrationDArmure], [Degats]) VALUES (38, N'Power Fist', 2, 9, 3, 8)
INSERT [Armes].[Arme] ([ArmeID], [Nom], [Attaques], [Force], [PenetrationDArmure], [Degats]) VALUES (39, N'Chain Sword', 3, 7, 2, 7)
INSERT [Armes].[Arme] ([ArmeID], [Nom], [Attaques], [Force], [PenetrationDArmure], [Degats]) VALUES (40, N'Stalker Bolt Rifle', 4, 8, 10, 4)
INSERT [Armes].[Arme] ([ArmeID], [Nom], [Attaques], [Force], [PenetrationDArmure], [Degats]) VALUES (41, N'Lascannon', 2, 2, 7, 9)
INSERT [Armes].[Arme] ([ArmeID], [Nom], [Attaques], [Force], [PenetrationDArmure], [Degats]) VALUES (42, N'Kustom Mega-blasta', 5, 7, 6, 2)
INSERT [Armes].[Arme] ([ArmeID], [Nom], [Attaques], [Force], [PenetrationDArmure], [Degats]) VALUES (43, N'Galvanic Rifle', 5, 8, 8, 10)
INSERT [Armes].[Arme] ([ArmeID], [Nom], [Attaques], [Force], [PenetrationDArmure], [Degats]) VALUES (44, N'Deathspitter', 5, 3, 4, 9)
INSERT [Armes].[Arme] ([ArmeID], [Nom], [Attaques], [Force], [PenetrationDArmure], [Degats]) VALUES (45, N'Photon Grenade', 2, 7, 6, 2)
INSERT [Armes].[Arme] ([ArmeID], [Nom], [Attaques], [Force], [PenetrationDArmure], [Degats]) VALUES (46, N'Titan Power Fist', 2, 7, 5, 7)
INSERT [Armes].[Arme] ([ArmeID], [Nom], [Attaques], [Force], [PenetrationDArmure], [Degats]) VALUES (47, N'Storm Bolter', 2, 8, 4, 3)
INSERT [Armes].[Arme] ([ArmeID], [Nom], [Attaques], [Force], [PenetrationDArmure], [Degats]) VALUES (48, N'Autocannon', 4, 9, 2, 2)
INSERT [Armes].[Arme] ([ArmeID], [Nom], [Attaques], [Force], [PenetrationDArmure], [Degats]) VALUES (49, N'Boltgun', 5, 3, 2, 4)
INSERT [Armes].[Arme] ([ArmeID], [Nom], [Attaques], [Force], [PenetrationDArmure], [Degats]) VALUES (50, N'Assault Cannon', 4, 1, 3, 5)
INSERT [Armes].[Arme] ([ArmeID], [Nom], [Attaques], [Force], [PenetrationDArmure], [Degats]) VALUES (51, N'Laspistol', 3, 4, 9, 1)
INSERT [Armes].[Arme] ([ArmeID], [Nom], [Attaques], [Force], [PenetrationDArmure], [Degats]) VALUES (52, N'Cyclone Missile Launcher', 2, 9, 2, 3)
INSERT [Armes].[Arme] ([ArmeID], [Nom], [Attaques], [Force], [PenetrationDArmure], [Degats]) VALUES (53, N'Galvanic Rifle', 5, 2, 9, 9)
INSERT [Armes].[Arme] ([ArmeID], [Nom], [Attaques], [Force], [PenetrationDArmure], [Degats]) VALUES (54, N'Heavy Flamer', 5, 4, 6, 5)
INSERT [Armes].[Arme] ([ArmeID], [Nom], [Attaques], [Force], [PenetrationDArmure], [Degats]) VALUES (55, N'Condemner Boltgun', 1, 7, 9, 9)
INSERT [Armes].[Arme] ([ArmeID], [Nom], [Attaques], [Force], [PenetrationDArmure], [Degats]) VALUES (56, N'Venom Cannon', 2, 9, 1, 5)
INSERT [Armes].[Arme] ([ArmeID], [Nom], [Attaques], [Force], [PenetrationDArmure], [Degats]) VALUES (57, N'Concussion Mortar', 1, 1, 9, 4)
INSERT [Armes].[Arme] ([ArmeID], [Nom], [Attaques], [Force], [PenetrationDArmure], [Degats]) VALUES (58, N'Fusion Blaster', 3, 2, 10, 6)
INSERT [Armes].[Arme] ([ArmeID], [Nom], [Attaques], [Force], [PenetrationDArmure], [Degats]) VALUES (59, N'Concussion Mortar', 1, 6, 3, 7)
INSERT [Armes].[Arme] ([ArmeID], [Nom], [Attaques], [Force], [PenetrationDArmure], [Degats]) VALUES (60, N'Volcano Cannon', 4, 8, 6, 1)
INSERT [Armes].[Arme] ([ArmeID], [Nom], [Attaques], [Force], [PenetrationDArmure], [Degats]) VALUES (61, N'Warpflame Pistol', 2, 3, 7, 10)
INSERT [Armes].[Arme] ([ArmeID], [Nom], [Attaques], [Force], [PenetrationDArmure], [Degats]) VALUES (62, N'Twin-linked Assault Cannon', 2, 6, 10, 9)
INSERT [Armes].[Arme] ([ArmeID], [Nom], [Attaques], [Force], [PenetrationDArmure], [Degats]) VALUES (63, N'Stalker Bolt Rifle', 2, 10, 8, 5)
INSERT [Armes].[Arme] ([ArmeID], [Nom], [Attaques], [Force], [PenetrationDArmure], [Degats]) VALUES (64, N'Condemner Boltgun', 5, 10, 4, 7)
INSERT [Armes].[Arme] ([ArmeID], [Nom], [Attaques], [Force], [PenetrationDArmure], [Degats]) VALUES (65, N'Chain Sword', 4, 6, 4, 3)
INSERT [Armes].[Arme] ([ArmeID], [Nom], [Attaques], [Force], [PenetrationDArmure], [Degats]) VALUES (66, N'Pulse Carbine', 1, 4, 6, 5)
INSERT [Armes].[Arme] ([ArmeID], [Nom], [Attaques], [Force], [PenetrationDArmure], [Degats]) VALUES (67, N'Assault Cannon', 4, 10, 8, 10)
INSERT [Armes].[Arme] ([ArmeID], [Nom], [Attaques], [Force], [PenetrationDArmure], [Degats]) VALUES (68, N'Venom Blade', 1, 10, 9, 3)
INSERT [Armes].[Arme] ([ArmeID], [Nom], [Attaques], [Force], [PenetrationDArmure], [Degats]) VALUES (69, N'Grav-gun', 4, 10, 2, 6)
INSERT [Armes].[Arme] ([ArmeID], [Nom], [Attaques], [Force], [PenetrationDArmure], [Degats]) VALUES (70, N'Power Lance', 1, 10, 6, 2)
INSERT [Armes].[Arme] ([ArmeID], [Nom], [Attaques], [Force], [PenetrationDArmure], [Degats]) VALUES (71, N'Arc Rifle', 5, 3, 7, 5)
INSERT [Armes].[Arme] ([ArmeID], [Nom], [Attaques], [Force], [PenetrationDArmure], [Degats]) VALUES (72, N'Venom Blade', 4, 5, 7, 8)
INSERT [Armes].[Arme] ([ArmeID], [Nom], [Attaques], [Force], [PenetrationDArmure], [Degats]) VALUES (73, N'Storm Bolter', 5, 2, 6, 8)
INSERT [Armes].[Arme] ([ArmeID], [Nom], [Attaques], [Force], [PenetrationDArmure], [Degats]) VALUES (74, N'Disintegration Compressor', 2, 5, 5, 8)
INSERT [Armes].[Arme] ([ArmeID], [Nom], [Attaques], [Force], [PenetrationDArmure], [Degats]) VALUES (75, N'Twin-linked Assault Cannon', 1, 4, 2, 1)
SET IDENTITY_INSERT [Armes].[Arme] OFF
GO
SET IDENTITY_INSERT [Armes].[ArmeRapproche] ON 

INSERT [Armes].[ArmeRapproche] ([ArmeRapprocheID], [ArmeID], [AbiliteDeFrappe]) VALUES (1, 36, 4)
INSERT [Armes].[ArmeRapproche] ([ArmeRapprocheID], [ArmeID], [AbiliteDeFrappe]) VALUES (2, 37, 5)
INSERT [Armes].[ArmeRapproche] ([ArmeRapprocheID], [ArmeID], [AbiliteDeFrappe]) VALUES (3, 38, 3)
INSERT [Armes].[ArmeRapproche] ([ArmeRapprocheID], [ArmeID], [AbiliteDeFrappe]) VALUES (4, 39, 2)
INSERT [Armes].[ArmeRapproche] ([ArmeRapprocheID], [ArmeID], [AbiliteDeFrappe]) VALUES (5, 40, 4)
INSERT [Armes].[ArmeRapproche] ([ArmeRapprocheID], [ArmeID], [AbiliteDeFrappe]) VALUES (6, 41, 4)
INSERT [Armes].[ArmeRapproche] ([ArmeRapprocheID], [ArmeID], [AbiliteDeFrappe]) VALUES (7, 42, 6)
INSERT [Armes].[ArmeRapproche] ([ArmeRapprocheID], [ArmeID], [AbiliteDeFrappe]) VALUES (8, 43, 5)
INSERT [Armes].[ArmeRapproche] ([ArmeRapprocheID], [ArmeID], [AbiliteDeFrappe]) VALUES (9, 44, 5)
INSERT [Armes].[ArmeRapproche] ([ArmeRapprocheID], [ArmeID], [AbiliteDeFrappe]) VALUES (10, 45, 2)
INSERT [Armes].[ArmeRapproche] ([ArmeRapprocheID], [ArmeID], [AbiliteDeFrappe]) VALUES (11, 46, 4)
INSERT [Armes].[ArmeRapproche] ([ArmeRapprocheID], [ArmeID], [AbiliteDeFrappe]) VALUES (12, 47, 4)
INSERT [Armes].[ArmeRapproche] ([ArmeRapprocheID], [ArmeID], [AbiliteDeFrappe]) VALUES (13, 48, 2)
INSERT [Armes].[ArmeRapproche] ([ArmeRapprocheID], [ArmeID], [AbiliteDeFrappe]) VALUES (14, 49, 4)
INSERT [Armes].[ArmeRapproche] ([ArmeRapprocheID], [ArmeID], [AbiliteDeFrappe]) VALUES (15, 50, 4)
INSERT [Armes].[ArmeRapproche] ([ArmeRapprocheID], [ArmeID], [AbiliteDeFrappe]) VALUES (16, 51, 5)
INSERT [Armes].[ArmeRapproche] ([ArmeRapprocheID], [ArmeID], [AbiliteDeFrappe]) VALUES (17, 52, 2)
INSERT [Armes].[ArmeRapproche] ([ArmeRapprocheID], [ArmeID], [AbiliteDeFrappe]) VALUES (18, 53, 4)
INSERT [Armes].[ArmeRapproche] ([ArmeRapprocheID], [ArmeID], [AbiliteDeFrappe]) VALUES (19, 54, 4)
INSERT [Armes].[ArmeRapproche] ([ArmeRapprocheID], [ArmeID], [AbiliteDeFrappe]) VALUES (20, 55, 3)
INSERT [Armes].[ArmeRapproche] ([ArmeRapprocheID], [ArmeID], [AbiliteDeFrappe]) VALUES (21, 56, 2)
INSERT [Armes].[ArmeRapproche] ([ArmeRapprocheID], [ArmeID], [AbiliteDeFrappe]) VALUES (22, 57, 6)
INSERT [Armes].[ArmeRapproche] ([ArmeRapprocheID], [ArmeID], [AbiliteDeFrappe]) VALUES (23, 58, 5)
INSERT [Armes].[ArmeRapproche] ([ArmeRapprocheID], [ArmeID], [AbiliteDeFrappe]) VALUES (24, 59, 3)
INSERT [Armes].[ArmeRapproche] ([ArmeRapprocheID], [ArmeID], [AbiliteDeFrappe]) VALUES (25, 60, 2)
INSERT [Armes].[ArmeRapproche] ([ArmeRapprocheID], [ArmeID], [AbiliteDeFrappe]) VALUES (26, 61, 2)
INSERT [Armes].[ArmeRapproche] ([ArmeRapprocheID], [ArmeID], [AbiliteDeFrappe]) VALUES (27, 62, 4)
INSERT [Armes].[ArmeRapproche] ([ArmeRapprocheID], [ArmeID], [AbiliteDeFrappe]) VALUES (28, 63, 5)
INSERT [Armes].[ArmeRapproche] ([ArmeRapprocheID], [ArmeID], [AbiliteDeFrappe]) VALUES (29, 64, 5)
INSERT [Armes].[ArmeRapproche] ([ArmeRapprocheID], [ArmeID], [AbiliteDeFrappe]) VALUES (30, 65, 4)
INSERT [Armes].[ArmeRapproche] ([ArmeRapprocheID], [ArmeID], [AbiliteDeFrappe]) VALUES (31, 66, 5)
INSERT [Armes].[ArmeRapproche] ([ArmeRapprocheID], [ArmeID], [AbiliteDeFrappe]) VALUES (32, 67, 6)
INSERT [Armes].[ArmeRapproche] ([ArmeRapprocheID], [ArmeID], [AbiliteDeFrappe]) VALUES (33, 68, 3)
INSERT [Armes].[ArmeRapproche] ([ArmeRapprocheID], [ArmeID], [AbiliteDeFrappe]) VALUES (34, 69, 4)
INSERT [Armes].[ArmeRapproche] ([ArmeRapprocheID], [ArmeID], [AbiliteDeFrappe]) VALUES (35, 70, 6)
INSERT [Armes].[ArmeRapproche] ([ArmeRapprocheID], [ArmeID], [AbiliteDeFrappe]) VALUES (36, 71, 5)
INSERT [Armes].[ArmeRapproche] ([ArmeRapprocheID], [ArmeID], [AbiliteDeFrappe]) VALUES (37, 72, 2)
INSERT [Armes].[ArmeRapproche] ([ArmeRapprocheID], [ArmeID], [AbiliteDeFrappe]) VALUES (38, 73, 2)
INSERT [Armes].[ArmeRapproche] ([ArmeRapprocheID], [ArmeID], [AbiliteDeFrappe]) VALUES (39, 74, 4)
INSERT [Armes].[ArmeRapproche] ([ArmeRapprocheID], [ArmeID], [AbiliteDeFrappe]) VALUES (40, 75, 3)
SET IDENTITY_INSERT [Armes].[ArmeRapproche] OFF
GO
SET IDENTITY_INSERT [Armes].[ArmeDistance] ON 

INSERT [Armes].[ArmeDistance] ([ArmeDistanceID], [ArmeID], [Porte], [AbiliteDeTire]) VALUES (1, 1, 47, 5)
INSERT [Armes].[ArmeDistance] ([ArmeDistanceID], [ArmeID], [Porte], [AbiliteDeTire]) VALUES (2, 2, 39, 2)
INSERT [Armes].[ArmeDistance] ([ArmeDistanceID], [ArmeID], [Porte], [AbiliteDeTire]) VALUES (3, 3, 14, 4)
INSERT [Armes].[ArmeDistance] ([ArmeDistanceID], [ArmeID], [Porte], [AbiliteDeTire]) VALUES (4, 4, 35, 6)
INSERT [Armes].[ArmeDistance] ([ArmeDistanceID], [ArmeID], [Porte], [AbiliteDeTire]) VALUES (5, 5, 19, 3)
INSERT [Armes].[ArmeDistance] ([ArmeDistanceID], [ArmeID], [Porte], [AbiliteDeTire]) VALUES (6, 6, 47, 3)
INSERT [Armes].[ArmeDistance] ([ArmeDistanceID], [ArmeID], [Porte], [AbiliteDeTire]) VALUES (7, 7, 46, 4)
INSERT [Armes].[ArmeDistance] ([ArmeDistanceID], [ArmeID], [Porte], [AbiliteDeTire]) VALUES (8, 8, 11, 5)
INSERT [Armes].[ArmeDistance] ([ArmeDistanceID], [ArmeID], [Porte], [AbiliteDeTire]) VALUES (9, 9, 31, 2)
INSERT [Armes].[ArmeDistance] ([ArmeDistanceID], [ArmeID], [Porte], [AbiliteDeTire]) VALUES (10, 10, 40, 3)
INSERT [Armes].[ArmeDistance] ([ArmeDistanceID], [ArmeID], [Porte], [AbiliteDeTire]) VALUES (11, 11, 20, 4)
INSERT [Armes].[ArmeDistance] ([ArmeDistanceID], [ArmeID], [Porte], [AbiliteDeTire]) VALUES (12, 12, 26, 3)
INSERT [Armes].[ArmeDistance] ([ArmeDistanceID], [ArmeID], [Porte], [AbiliteDeTire]) VALUES (13, 13, 47, 4)
INSERT [Armes].[ArmeDistance] ([ArmeDistanceID], [ArmeID], [Porte], [AbiliteDeTire]) VALUES (14, 14, 36, 3)
INSERT [Armes].[ArmeDistance] ([ArmeDistanceID], [ArmeID], [Porte], [AbiliteDeTire]) VALUES (15, 15, 22, 5)
INSERT [Armes].[ArmeDistance] ([ArmeDistanceID], [ArmeID], [Porte], [AbiliteDeTire]) VALUES (16, 16, 43, 2)
INSERT [Armes].[ArmeDistance] ([ArmeDistanceID], [ArmeID], [Porte], [AbiliteDeTire]) VALUES (17, 17, 20, 6)
INSERT [Armes].[ArmeDistance] ([ArmeDistanceID], [ArmeID], [Porte], [AbiliteDeTire]) VALUES (18, 18, 41, 5)
INSERT [Armes].[ArmeDistance] ([ArmeDistanceID], [ArmeID], [Porte], [AbiliteDeTire]) VALUES (19, 19, 43, 6)
INSERT [Armes].[ArmeDistance] ([ArmeDistanceID], [ArmeID], [Porte], [AbiliteDeTire]) VALUES (20, 20, 14, 4)
INSERT [Armes].[ArmeDistance] ([ArmeDistanceID], [ArmeID], [Porte], [AbiliteDeTire]) VALUES (21, 21, 29, 3)
INSERT [Armes].[ArmeDistance] ([ArmeDistanceID], [ArmeID], [Porte], [AbiliteDeTire]) VALUES (22, 22, 23, 6)
INSERT [Armes].[ArmeDistance] ([ArmeDistanceID], [ArmeID], [Porte], [AbiliteDeTire]) VALUES (23, 23, 18, 6)
INSERT [Armes].[ArmeDistance] ([ArmeDistanceID], [ArmeID], [Porte], [AbiliteDeTire]) VALUES (24, 24, 29, 5)
INSERT [Armes].[ArmeDistance] ([ArmeDistanceID], [ArmeID], [Porte], [AbiliteDeTire]) VALUES (25, 25, 33, 6)
INSERT [Armes].[ArmeDistance] ([ArmeDistanceID], [ArmeID], [Porte], [AbiliteDeTire]) VALUES (26, 26, 17, 6)
INSERT [Armes].[ArmeDistance] ([ArmeDistanceID], [ArmeID], [Porte], [AbiliteDeTire]) VALUES (27, 27, 11, 2)
INSERT [Armes].[ArmeDistance] ([ArmeDistanceID], [ArmeID], [Porte], [AbiliteDeTire]) VALUES (28, 28, 43, 5)
INSERT [Armes].[ArmeDistance] ([ArmeDistanceID], [ArmeID], [Porte], [AbiliteDeTire]) VALUES (29, 29, 35, 5)
INSERT [Armes].[ArmeDistance] ([ArmeDistanceID], [ArmeID], [Porte], [AbiliteDeTire]) VALUES (30, 30, 36, 6)
INSERT [Armes].[ArmeDistance] ([ArmeDistanceID], [ArmeID], [Porte], [AbiliteDeTire]) VALUES (31, 31, 16, 5)
INSERT [Armes].[ArmeDistance] ([ArmeDistanceID], [ArmeID], [Porte], [AbiliteDeTire]) VALUES (32, 32, 14, 5)
INSERT [Armes].[ArmeDistance] ([ArmeDistanceID], [ArmeID], [Porte], [AbiliteDeTire]) VALUES (33, 33, 9, 6)
INSERT [Armes].[ArmeDistance] ([ArmeDistanceID], [ArmeID], [Porte], [AbiliteDeTire]) VALUES (34, 34, 8, 5)
INSERT [Armes].[ArmeDistance] ([ArmeDistanceID], [ArmeID], [Porte], [AbiliteDeTire]) VALUES (35, 35, 38, 5)
SET IDENTITY_INSERT [Armes].[ArmeDistance] OFF
GO
SET IDENTITY_INSERT [Modeles].[ArmeDeModele] ON 

INSERT [Modeles].[ArmeDeModele] ([ArmeDeModeleID], [ModeleID], [ArmeID]) VALUES (1, 37, 70)
INSERT [Modeles].[ArmeDeModele] ([ArmeDeModeleID], [ModeleID], [ArmeID]) VALUES (2, 91, 10)
INSERT [Modeles].[ArmeDeModele] ([ArmeDeModeleID], [ModeleID], [ArmeID]) VALUES (3, 47, 74)
INSERT [Modeles].[ArmeDeModele] ([ArmeDeModeleID], [ModeleID], [ArmeID]) VALUES (4, 34, 55)
INSERT [Modeles].[ArmeDeModele] ([ArmeDeModeleID], [ModeleID], [ArmeID]) VALUES (5, 61, 56)
INSERT [Modeles].[ArmeDeModele] ([ArmeDeModeleID], [ModeleID], [ArmeID]) VALUES (6, 13, 50)
INSERT [Modeles].[ArmeDeModele] ([ArmeDeModeleID], [ModeleID], [ArmeID]) VALUES (7, 45, 60)
INSERT [Modeles].[ArmeDeModele] ([ArmeDeModeleID], [ModeleID], [ArmeID]) VALUES (8, 82, 1)
INSERT [Modeles].[ArmeDeModele] ([ArmeDeModeleID], [ModeleID], [ArmeID]) VALUES (9, 99, 75)
INSERT [Modeles].[ArmeDeModele] ([ArmeDeModeleID], [ModeleID], [ArmeID]) VALUES (10, 94, 68)
INSERT [Modeles].[ArmeDeModele] ([ArmeDeModeleID], [ModeleID], [ArmeID]) VALUES (11, 24, 39)
INSERT [Modeles].[ArmeDeModele] ([ArmeDeModeleID], [ModeleID], [ArmeID]) VALUES (12, 69, 38)
INSERT [Modeles].[ArmeDeModele] ([ArmeDeModeleID], [ModeleID], [ArmeID]) VALUES (13, 48, 50)
INSERT [Modeles].[ArmeDeModele] ([ArmeDeModeleID], [ModeleID], [ArmeID]) VALUES (14, 11, 60)
INSERT [Modeles].[ArmeDeModele] ([ArmeDeModeleID], [ModeleID], [ArmeID]) VALUES (15, 80, 25)
INSERT [Modeles].[ArmeDeModele] ([ArmeDeModeleID], [ModeleID], [ArmeID]) VALUES (16, 25, 20)
INSERT [Modeles].[ArmeDeModele] ([ArmeDeModeleID], [ModeleID], [ArmeID]) VALUES (17, 68, 15)
INSERT [Modeles].[ArmeDeModele] ([ArmeDeModeleID], [ModeleID], [ArmeID]) VALUES (18, 66, 62)
INSERT [Modeles].[ArmeDeModele] ([ArmeDeModeleID], [ModeleID], [ArmeID]) VALUES (19, 95, 58)
INSERT [Modeles].[ArmeDeModele] ([ArmeDeModeleID], [ModeleID], [ArmeID]) VALUES (20, 18, 69)
INSERT [Modeles].[ArmeDeModele] ([ArmeDeModeleID], [ModeleID], [ArmeID]) VALUES (21, 95, 71)
INSERT [Modeles].[ArmeDeModele] ([ArmeDeModeleID], [ModeleID], [ArmeID]) VALUES (22, 9, 44)
INSERT [Modeles].[ArmeDeModele] ([ArmeDeModeleID], [ModeleID], [ArmeID]) VALUES (23, 13, 11)
INSERT [Modeles].[ArmeDeModele] ([ArmeDeModeleID], [ModeleID], [ArmeID]) VALUES (24, 97, 61)
INSERT [Modeles].[ArmeDeModele] ([ArmeDeModeleID], [ModeleID], [ArmeID]) VALUES (25, 72, 59)
INSERT [Modeles].[ArmeDeModele] ([ArmeDeModeleID], [ModeleID], [ArmeID]) VALUES (26, 18, 29)
INSERT [Modeles].[ArmeDeModele] ([ArmeDeModeleID], [ModeleID], [ArmeID]) VALUES (27, 12, 49)
INSERT [Modeles].[ArmeDeModele] ([ArmeDeModeleID], [ModeleID], [ArmeID]) VALUES (28, 63, 71)
INSERT [Modeles].[ArmeDeModele] ([ArmeDeModeleID], [ModeleID], [ArmeID]) VALUES (29, 54, 40)
INSERT [Modeles].[ArmeDeModele] ([ArmeDeModeleID], [ModeleID], [ArmeID]) VALUES (30, 98, 70)
INSERT [Modeles].[ArmeDeModele] ([ArmeDeModeleID], [ModeleID], [ArmeID]) VALUES (31, 7, 10)
INSERT [Modeles].[ArmeDeModele] ([ArmeDeModeleID], [ModeleID], [ArmeID]) VALUES (32, 59, 32)
INSERT [Modeles].[ArmeDeModele] ([ArmeDeModeleID], [ModeleID], [ArmeID]) VALUES (33, 13, 30)
INSERT [Modeles].[ArmeDeModele] ([ArmeDeModeleID], [ModeleID], [ArmeID]) VALUES (34, 95, 11)
INSERT [Modeles].[ArmeDeModele] ([ArmeDeModeleID], [ModeleID], [ArmeID]) VALUES (35, 32, 24)
INSERT [Modeles].[ArmeDeModele] ([ArmeDeModeleID], [ModeleID], [ArmeID]) VALUES (36, 65, 17)
INSERT [Modeles].[ArmeDeModele] ([ArmeDeModeleID], [ModeleID], [ArmeID]) VALUES (37, 8, 18)
INSERT [Modeles].[ArmeDeModele] ([ArmeDeModeleID], [ModeleID], [ArmeID]) VALUES (38, 92, 48)
INSERT [Modeles].[ArmeDeModele] ([ArmeDeModeleID], [ModeleID], [ArmeID]) VALUES (39, 25, 62)
INSERT [Modeles].[ArmeDeModele] ([ArmeDeModeleID], [ModeleID], [ArmeID]) VALUES (40, 66, 44)
INSERT [Modeles].[ArmeDeModele] ([ArmeDeModeleID], [ModeleID], [ArmeID]) VALUES (41, 62, 8)
INSERT [Modeles].[ArmeDeModele] ([ArmeDeModeleID], [ModeleID], [ArmeID]) VALUES (42, 84, 68)
INSERT [Modeles].[ArmeDeModele] ([ArmeDeModeleID], [ModeleID], [ArmeID]) VALUES (43, 47, 18)
INSERT [Modeles].[ArmeDeModele] ([ArmeDeModeleID], [ModeleID], [ArmeID]) VALUES (44, 31, 55)
INSERT [Modeles].[ArmeDeModele] ([ArmeDeModeleID], [ModeleID], [ArmeID]) VALUES (45, 95, 5)
INSERT [Modeles].[ArmeDeModele] ([ArmeDeModeleID], [ModeleID], [ArmeID]) VALUES (46, 48, 52)
INSERT [Modeles].[ArmeDeModele] ([ArmeDeModeleID], [ModeleID], [ArmeID]) VALUES (47, 71, 52)
INSERT [Modeles].[ArmeDeModele] ([ArmeDeModeleID], [ModeleID], [ArmeID]) VALUES (48, 85, 61)
INSERT [Modeles].[ArmeDeModele] ([ArmeDeModeleID], [ModeleID], [ArmeID]) VALUES (49, 68, 54)
INSERT [Modeles].[ArmeDeModele] ([ArmeDeModeleID], [ModeleID], [ArmeID]) VALUES (50, 37, 32)
INSERT [Modeles].[ArmeDeModele] ([ArmeDeModeleID], [ModeleID], [ArmeID]) VALUES (51, 10, 13)
INSERT [Modeles].[ArmeDeModele] ([ArmeDeModeleID], [ModeleID], [ArmeID]) VALUES (52, 71, 29)
INSERT [Modeles].[ArmeDeModele] ([ArmeDeModeleID], [ModeleID], [ArmeID]) VALUES (53, 51, 37)
INSERT [Modeles].[ArmeDeModele] ([ArmeDeModeleID], [ModeleID], [ArmeID]) VALUES (54, 5, 55)
INSERT [Modeles].[ArmeDeModele] ([ArmeDeModeleID], [ModeleID], [ArmeID]) VALUES (55, 5, 30)
INSERT [Modeles].[ArmeDeModele] ([ArmeDeModeleID], [ModeleID], [ArmeID]) VALUES (56, 91, 33)
INSERT [Modeles].[ArmeDeModele] ([ArmeDeModeleID], [ModeleID], [ArmeID]) VALUES (57, 33, 59)
INSERT [Modeles].[ArmeDeModele] ([ArmeDeModeleID], [ModeleID], [ArmeID]) VALUES (58, 83, 12)
INSERT [Modeles].[ArmeDeModele] ([ArmeDeModeleID], [ModeleID], [ArmeID]) VALUES (59, 55, 49)
INSERT [Modeles].[ArmeDeModele] ([ArmeDeModeleID], [ModeleID], [ArmeID]) VALUES (60, 71, 34)
INSERT [Modeles].[ArmeDeModele] ([ArmeDeModeleID], [ModeleID], [ArmeID]) VALUES (61, 30, 46)
INSERT [Modeles].[ArmeDeModele] ([ArmeDeModeleID], [ModeleID], [ArmeID]) VALUES (62, 41, 70)
INSERT [Modeles].[ArmeDeModele] ([ArmeDeModeleID], [ModeleID], [ArmeID]) VALUES (63, 76, 42)
INSERT [Modeles].[ArmeDeModele] ([ArmeDeModeleID], [ModeleID], [ArmeID]) VALUES (64, 24, 74)
INSERT [Modeles].[ArmeDeModele] ([ArmeDeModeleID], [ModeleID], [ArmeID]) VALUES (65, 15, 17)
INSERT [Modeles].[ArmeDeModele] ([ArmeDeModeleID], [ModeleID], [ArmeID]) VALUES (66, 31, 54)
INSERT [Modeles].[ArmeDeModele] ([ArmeDeModeleID], [ModeleID], [ArmeID]) VALUES (67, 17, 9)
INSERT [Modeles].[ArmeDeModele] ([ArmeDeModeleID], [ModeleID], [ArmeID]) VALUES (68, 54, 64)
INSERT [Modeles].[ArmeDeModele] ([ArmeDeModeleID], [ModeleID], [ArmeID]) VALUES (69, 23, 32)
INSERT [Modeles].[ArmeDeModele] ([ArmeDeModeleID], [ModeleID], [ArmeID]) VALUES (70, 69, 12)
INSERT [Modeles].[ArmeDeModele] ([ArmeDeModeleID], [ModeleID], [ArmeID]) VALUES (71, 47, 71)
INSERT [Modeles].[ArmeDeModele] ([ArmeDeModeleID], [ModeleID], [ArmeID]) VALUES (72, 32, 11)
INSERT [Modeles].[ArmeDeModele] ([ArmeDeModeleID], [ModeleID], [ArmeID]) VALUES (73, 58, 29)
INSERT [Modeles].[ArmeDeModele] ([ArmeDeModeleID], [ModeleID], [ArmeID]) VALUES (74, 76, 6)
INSERT [Modeles].[ArmeDeModele] ([ArmeDeModeleID], [ModeleID], [ArmeID]) VALUES (75, 40, 37)
INSERT [Modeles].[ArmeDeModele] ([ArmeDeModeleID], [ModeleID], [ArmeID]) VALUES (76, 28, 27)
INSERT [Modeles].[ArmeDeModele] ([ArmeDeModeleID], [ModeleID], [ArmeID]) VALUES (77, 1, 67)
INSERT [Modeles].[ArmeDeModele] ([ArmeDeModeleID], [ModeleID], [ArmeID]) VALUES (78, 57, 55)
INSERT [Modeles].[ArmeDeModele] ([ArmeDeModeleID], [ModeleID], [ArmeID]) VALUES (79, 95, 54)
INSERT [Modeles].[ArmeDeModele] ([ArmeDeModeleID], [ModeleID], [ArmeID]) VALUES (80, 6, 14)
INSERT [Modeles].[ArmeDeModele] ([ArmeDeModeleID], [ModeleID], [ArmeID]) VALUES (81, 35, 2)
INSERT [Modeles].[ArmeDeModele] ([ArmeDeModeleID], [ModeleID], [ArmeID]) VALUES (82, 10, 73)
INSERT [Modeles].[ArmeDeModele] ([ArmeDeModeleID], [ModeleID], [ArmeID]) VALUES (83, 51, 53)
INSERT [Modeles].[ArmeDeModele] ([ArmeDeModeleID], [ModeleID], [ArmeID]) VALUES (84, 40, 40)
INSERT [Modeles].[ArmeDeModele] ([ArmeDeModeleID], [ModeleID], [ArmeID]) VALUES (85, 96, 67)
INSERT [Modeles].[ArmeDeModele] ([ArmeDeModeleID], [ModeleID], [ArmeID]) VALUES (86, 95, 72)
INSERT [Modeles].[ArmeDeModele] ([ArmeDeModeleID], [ModeleID], [ArmeID]) VALUES (87, 50, 6)
INSERT [Modeles].[ArmeDeModele] ([ArmeDeModeleID], [ModeleID], [ArmeID]) VALUES (88, 44, 37)
INSERT [Modeles].[ArmeDeModele] ([ArmeDeModeleID], [ModeleID], [ArmeID]) VALUES (89, 85, 65)
INSERT [Modeles].[ArmeDeModele] ([ArmeDeModeleID], [ModeleID], [ArmeID]) VALUES (90, 42, 7)
INSERT [Modeles].[ArmeDeModele] ([ArmeDeModeleID], [ModeleID], [ArmeID]) VALUES (91, 95, 38)
INSERT [Modeles].[ArmeDeModele] ([ArmeDeModeleID], [ModeleID], [ArmeID]) VALUES (92, 2, 28)
INSERT [Modeles].[ArmeDeModele] ([ArmeDeModeleID], [ModeleID], [ArmeID]) VALUES (93, 60, 5)
INSERT [Modeles].[ArmeDeModele] ([ArmeDeModeleID], [ModeleID], [ArmeID]) VALUES (94, 17, 51)
INSERT [Modeles].[ArmeDeModele] ([ArmeDeModeleID], [ModeleID], [ArmeID]) VALUES (95, 45, 51)
INSERT [Modeles].[ArmeDeModele] ([ArmeDeModeleID], [ModeleID], [ArmeID]) VALUES (96, 14, 59)
INSERT [Modeles].[ArmeDeModele] ([ArmeDeModeleID], [ModeleID], [ArmeID]) VALUES (97, 76, 48)
INSERT [Modeles].[ArmeDeModele] ([ArmeDeModeleID], [ModeleID], [ArmeID]) VALUES (98, 5, 22)
INSERT [Modeles].[ArmeDeModele] ([ArmeDeModeleID], [ModeleID], [ArmeID]) VALUES (99, 75, 13)
GO
INSERT [Modeles].[ArmeDeModele] ([ArmeDeModeleID], [ModeleID], [ArmeID]) VALUES (100, 27, 35)
INSERT [Modeles].[ArmeDeModele] ([ArmeDeModeleID], [ModeleID], [ArmeID]) VALUES (101, 39, 28)
INSERT [Modeles].[ArmeDeModele] ([ArmeDeModeleID], [ModeleID], [ArmeID]) VALUES (102, 82, 67)
INSERT [Modeles].[ArmeDeModele] ([ArmeDeModeleID], [ModeleID], [ArmeID]) VALUES (103, 51, 42)
INSERT [Modeles].[ArmeDeModele] ([ArmeDeModeleID], [ModeleID], [ArmeID]) VALUES (104, 100, 58)
INSERT [Modeles].[ArmeDeModele] ([ArmeDeModeleID], [ModeleID], [ArmeID]) VALUES (105, 21, 65)
INSERT [Modeles].[ArmeDeModele] ([ArmeDeModeleID], [ModeleID], [ArmeID]) VALUES (106, 44, 71)
INSERT [Modeles].[ArmeDeModele] ([ArmeDeModeleID], [ModeleID], [ArmeID]) VALUES (107, 8, 4)
INSERT [Modeles].[ArmeDeModele] ([ArmeDeModeleID], [ModeleID], [ArmeID]) VALUES (108, 70, 68)
INSERT [Modeles].[ArmeDeModele] ([ArmeDeModeleID], [ModeleID], [ArmeID]) VALUES (109, 6, 22)
INSERT [Modeles].[ArmeDeModele] ([ArmeDeModeleID], [ModeleID], [ArmeID]) VALUES (110, 58, 2)
INSERT [Modeles].[ArmeDeModele] ([ArmeDeModeleID], [ModeleID], [ArmeID]) VALUES (111, 2, 43)
INSERT [Modeles].[ArmeDeModele] ([ArmeDeModeleID], [ModeleID], [ArmeID]) VALUES (112, 23, 2)
INSERT [Modeles].[ArmeDeModele] ([ArmeDeModeleID], [ModeleID], [ArmeID]) VALUES (113, 34, 65)
INSERT [Modeles].[ArmeDeModele] ([ArmeDeModeleID], [ModeleID], [ArmeID]) VALUES (114, 86, 36)
INSERT [Modeles].[ArmeDeModele] ([ArmeDeModeleID], [ModeleID], [ArmeID]) VALUES (115, 2, 34)
INSERT [Modeles].[ArmeDeModele] ([ArmeDeModeleID], [ModeleID], [ArmeID]) VALUES (116, 90, 47)
INSERT [Modeles].[ArmeDeModele] ([ArmeDeModeleID], [ModeleID], [ArmeID]) VALUES (117, 32, 35)
INSERT [Modeles].[ArmeDeModele] ([ArmeDeModeleID], [ModeleID], [ArmeID]) VALUES (118, 40, 6)
INSERT [Modeles].[ArmeDeModele] ([ArmeDeModeleID], [ModeleID], [ArmeID]) VALUES (119, 66, 5)
INSERT [Modeles].[ArmeDeModele] ([ArmeDeModeleID], [ModeleID], [ArmeID]) VALUES (120, 72, 73)
INSERT [Modeles].[ArmeDeModele] ([ArmeDeModeleID], [ModeleID], [ArmeID]) VALUES (121, 80, 16)
INSERT [Modeles].[ArmeDeModele] ([ArmeDeModeleID], [ModeleID], [ArmeID]) VALUES (122, 30, 15)
INSERT [Modeles].[ArmeDeModele] ([ArmeDeModeleID], [ModeleID], [ArmeID]) VALUES (123, 54, 11)
INSERT [Modeles].[ArmeDeModele] ([ArmeDeModeleID], [ModeleID], [ArmeID]) VALUES (124, 90, 37)
INSERT [Modeles].[ArmeDeModele] ([ArmeDeModeleID], [ModeleID], [ArmeID]) VALUES (125, 49, 2)
INSERT [Modeles].[ArmeDeModele] ([ArmeDeModeleID], [ModeleID], [ArmeID]) VALUES (126, 45, 38)
INSERT [Modeles].[ArmeDeModele] ([ArmeDeModeleID], [ModeleID], [ArmeID]) VALUES (127, 50, 33)
INSERT [Modeles].[ArmeDeModele] ([ArmeDeModeleID], [ModeleID], [ArmeID]) VALUES (128, 39, 7)
INSERT [Modeles].[ArmeDeModele] ([ArmeDeModeleID], [ModeleID], [ArmeID]) VALUES (129, 48, 39)
INSERT [Modeles].[ArmeDeModele] ([ArmeDeModeleID], [ModeleID], [ArmeID]) VALUES (130, 49, 30)
INSERT [Modeles].[ArmeDeModele] ([ArmeDeModeleID], [ModeleID], [ArmeID]) VALUES (131, 62, 54)
INSERT [Modeles].[ArmeDeModele] ([ArmeDeModeleID], [ModeleID], [ArmeID]) VALUES (132, 78, 54)
INSERT [Modeles].[ArmeDeModele] ([ArmeDeModeleID], [ModeleID], [ArmeID]) VALUES (133, 11, 35)
INSERT [Modeles].[ArmeDeModele] ([ArmeDeModeleID], [ModeleID], [ArmeID]) VALUES (134, 16, 5)
INSERT [Modeles].[ArmeDeModele] ([ArmeDeModeleID], [ModeleID], [ArmeID]) VALUES (135, 41, 1)
INSERT [Modeles].[ArmeDeModele] ([ArmeDeModeleID], [ModeleID], [ArmeID]) VALUES (136, 48, 48)
INSERT [Modeles].[ArmeDeModele] ([ArmeDeModeleID], [ModeleID], [ArmeID]) VALUES (137, 17, 31)
INSERT [Modeles].[ArmeDeModele] ([ArmeDeModeleID], [ModeleID], [ArmeID]) VALUES (138, 77, 15)
INSERT [Modeles].[ArmeDeModele] ([ArmeDeModeleID], [ModeleID], [ArmeID]) VALUES (139, 86, 71)
INSERT [Modeles].[ArmeDeModele] ([ArmeDeModeleID], [ModeleID], [ArmeID]) VALUES (140, 71, 21)
INSERT [Modeles].[ArmeDeModele] ([ArmeDeModeleID], [ModeleID], [ArmeID]) VALUES (141, 24, 44)
INSERT [Modeles].[ArmeDeModele] ([ArmeDeModeleID], [ModeleID], [ArmeID]) VALUES (142, 97, 24)
INSERT [Modeles].[ArmeDeModele] ([ArmeDeModeleID], [ModeleID], [ArmeID]) VALUES (143, 80, 65)
INSERT [Modeles].[ArmeDeModele] ([ArmeDeModeleID], [ModeleID], [ArmeID]) VALUES (144, 11, 1)
INSERT [Modeles].[ArmeDeModele] ([ArmeDeModeleID], [ModeleID], [ArmeID]) VALUES (145, 34, 51)
INSERT [Modeles].[ArmeDeModele] ([ArmeDeModeleID], [ModeleID], [ArmeID]) VALUES (146, 63, 11)
INSERT [Modeles].[ArmeDeModele] ([ArmeDeModeleID], [ModeleID], [ArmeID]) VALUES (147, 30, 19)
INSERT [Modeles].[ArmeDeModele] ([ArmeDeModeleID], [ModeleID], [ArmeID]) VALUES (148, 60, 73)
INSERT [Modeles].[ArmeDeModele] ([ArmeDeModeleID], [ModeleID], [ArmeID]) VALUES (149, 95, 9)
INSERT [Modeles].[ArmeDeModele] ([ArmeDeModeleID], [ModeleID], [ArmeID]) VALUES (150, 95, 18)
INSERT [Modeles].[ArmeDeModele] ([ArmeDeModeleID], [ModeleID], [ArmeID]) VALUES (151, 78, 41)
INSERT [Modeles].[ArmeDeModele] ([ArmeDeModeleID], [ModeleID], [ArmeID]) VALUES (152, 98, 47)
INSERT [Modeles].[ArmeDeModele] ([ArmeDeModeleID], [ModeleID], [ArmeID]) VALUES (153, 34, 62)
INSERT [Modeles].[ArmeDeModele] ([ArmeDeModeleID], [ModeleID], [ArmeID]) VALUES (154, 33, 23)
INSERT [Modeles].[ArmeDeModele] ([ArmeDeModeleID], [ModeleID], [ArmeID]) VALUES (155, 85, 50)
INSERT [Modeles].[ArmeDeModele] ([ArmeDeModeleID], [ModeleID], [ArmeID]) VALUES (156, 12, 30)
INSERT [Modeles].[ArmeDeModele] ([ArmeDeModeleID], [ModeleID], [ArmeID]) VALUES (157, 6, 40)
INSERT [Modeles].[ArmeDeModele] ([ArmeDeModeleID], [ModeleID], [ArmeID]) VALUES (158, 100, 44)
INSERT [Modeles].[ArmeDeModele] ([ArmeDeModeleID], [ModeleID], [ArmeID]) VALUES (159, 88, 24)
INSERT [Modeles].[ArmeDeModele] ([ArmeDeModeleID], [ModeleID], [ArmeID]) VALUES (160, 58, 24)
INSERT [Modeles].[ArmeDeModele] ([ArmeDeModeleID], [ModeleID], [ArmeID]) VALUES (161, 67, 72)
INSERT [Modeles].[ArmeDeModele] ([ArmeDeModeleID], [ModeleID], [ArmeID]) VALUES (162, 56, 8)
INSERT [Modeles].[ArmeDeModele] ([ArmeDeModeleID], [ModeleID], [ArmeID]) VALUES (163, 95, 60)
INSERT [Modeles].[ArmeDeModele] ([ArmeDeModeleID], [ModeleID], [ArmeID]) VALUES (164, 80, 30)
INSERT [Modeles].[ArmeDeModele] ([ArmeDeModeleID], [ModeleID], [ArmeID]) VALUES (165, 37, 30)
INSERT [Modeles].[ArmeDeModele] ([ArmeDeModeleID], [ModeleID], [ArmeID]) VALUES (166, 88, 12)
INSERT [Modeles].[ArmeDeModele] ([ArmeDeModeleID], [ModeleID], [ArmeID]) VALUES (167, 11, 17)
INSERT [Modeles].[ArmeDeModele] ([ArmeDeModeleID], [ModeleID], [ArmeID]) VALUES (168, 71, 35)
INSERT [Modeles].[ArmeDeModele] ([ArmeDeModeleID], [ModeleID], [ArmeID]) VALUES (169, 4, 10)
INSERT [Modeles].[ArmeDeModele] ([ArmeDeModeleID], [ModeleID], [ArmeID]) VALUES (170, 56, 14)
INSERT [Modeles].[ArmeDeModele] ([ArmeDeModeleID], [ModeleID], [ArmeID]) VALUES (171, 8, 51)
INSERT [Modeles].[ArmeDeModele] ([ArmeDeModeleID], [ModeleID], [ArmeID]) VALUES (172, 83, 45)
INSERT [Modeles].[ArmeDeModele] ([ArmeDeModeleID], [ModeleID], [ArmeID]) VALUES (173, 53, 52)
INSERT [Modeles].[ArmeDeModele] ([ArmeDeModeleID], [ModeleID], [ArmeID]) VALUES (174, 7, 5)
INSERT [Modeles].[ArmeDeModele] ([ArmeDeModeleID], [ModeleID], [ArmeID]) VALUES (175, 35, 3)
INSERT [Modeles].[ArmeDeModele] ([ArmeDeModeleID], [ModeleID], [ArmeID]) VALUES (176, 10, 69)
INSERT [Modeles].[ArmeDeModele] ([ArmeDeModeleID], [ModeleID], [ArmeID]) VALUES (177, 34, 58)
INSERT [Modeles].[ArmeDeModele] ([ArmeDeModeleID], [ModeleID], [ArmeID]) VALUES (178, 68, 67)
INSERT [Modeles].[ArmeDeModele] ([ArmeDeModeleID], [ModeleID], [ArmeID]) VALUES (179, 28, 46)
INSERT [Modeles].[ArmeDeModele] ([ArmeDeModeleID], [ModeleID], [ArmeID]) VALUES (180, 63, 2)
INSERT [Modeles].[ArmeDeModele] ([ArmeDeModeleID], [ModeleID], [ArmeID]) VALUES (181, 5, 36)
INSERT [Modeles].[ArmeDeModele] ([ArmeDeModeleID], [ModeleID], [ArmeID]) VALUES (182, 6, 74)
INSERT [Modeles].[ArmeDeModele] ([ArmeDeModeleID], [ModeleID], [ArmeID]) VALUES (183, 94, 6)
INSERT [Modeles].[ArmeDeModele] ([ArmeDeModeleID], [ModeleID], [ArmeID]) VALUES (184, 15, 64)
INSERT [Modeles].[ArmeDeModele] ([ArmeDeModeleID], [ModeleID], [ArmeID]) VALUES (185, 59, 19)
INSERT [Modeles].[ArmeDeModele] ([ArmeDeModeleID], [ModeleID], [ArmeID]) VALUES (186, 50, 34)
INSERT [Modeles].[ArmeDeModele] ([ArmeDeModeleID], [ModeleID], [ArmeID]) VALUES (187, 32, 7)
INSERT [Modeles].[ArmeDeModele] ([ArmeDeModeleID], [ModeleID], [ArmeID]) VALUES (188, 44, 12)
INSERT [Modeles].[ArmeDeModele] ([ArmeDeModeleID], [ModeleID], [ArmeID]) VALUES (189, 96, 63)
INSERT [Modeles].[ArmeDeModele] ([ArmeDeModeleID], [ModeleID], [ArmeID]) VALUES (190, 81, 9)
INSERT [Modeles].[ArmeDeModele] ([ArmeDeModeleID], [ModeleID], [ArmeID]) VALUES (191, 52, 73)
INSERT [Modeles].[ArmeDeModele] ([ArmeDeModeleID], [ModeleID], [ArmeID]) VALUES (192, 41, 6)
INSERT [Modeles].[ArmeDeModele] ([ArmeDeModeleID], [ModeleID], [ArmeID]) VALUES (193, 34, 62)
INSERT [Modeles].[ArmeDeModele] ([ArmeDeModeleID], [ModeleID], [ArmeID]) VALUES (194, 29, 31)
INSERT [Modeles].[ArmeDeModele] ([ArmeDeModeleID], [ModeleID], [ArmeID]) VALUES (195, 99, 21)
INSERT [Modeles].[ArmeDeModele] ([ArmeDeModeleID], [ModeleID], [ArmeID]) VALUES (196, 19, 44)
INSERT [Modeles].[ArmeDeModele] ([ArmeDeModeleID], [ModeleID], [ArmeID]) VALUES (197, 87, 2)
INSERT [Modeles].[ArmeDeModele] ([ArmeDeModeleID], [ModeleID], [ArmeID]) VALUES (198, 32, 23)
INSERT [Modeles].[ArmeDeModele] ([ArmeDeModeleID], [ModeleID], [ArmeID]) VALUES (199, 63, 75)
GO
INSERT [Modeles].[ArmeDeModele] ([ArmeDeModeleID], [ModeleID], [ArmeID]) VALUES (200, 11, 52)
SET IDENTITY_INSERT [Modeles].[ArmeDeModele] OFF
GO

